time,equity,cash,positions
2026-09-25 20:59,500.0,500.0,0
2026-09-25 21:07,500.0,500.0,0
2026-09-25 21:12,500.0,500.0,0
2026-09-25 21:16,500.0,500.0,0
2026-09-25 21:20,500.0,500.0,0
2026-09-25 21:26,500.0,500.0,0
2026-09-25 21:29,500.0,500.0,0
2026-09-25 21:33,500.0,500.0,0
2026-09-25 21:50,500.0,500.0,0
2026-09-25 21:54,500.0,500.0,0
2026-09-25 21:56,500.0,500.0,0
2026-09-25 22:01,500.0,500.0,0
2026-09-25 22:06,500.0,500.0,0
2026-09-25 22:10,500.0,500.0,0
2026-09-25 22:15,500.0,500.0,0
2026-09-25 22:26,500.0,500.0,0
2026-09-25 22:29,500.0,500.0,0
2026-09-25 22:39,500.0,500.0,0
2026-09-25 23:03,500.0,500.0,0
2026-09-25 23:10,500.0,500.0,0
2026-09-25 23:29,500.0,500.0,0
2026-09-25 23:40,500.0,500.0,0
2026-09-25 23:44,500.0,500.0,0
2026-09-26 00:05,500.0,500.0,0
2026-09-26 01:05,500.0,500.0,0
2026-09-26 02:05,500.0,500.0,0
2026-09-26 02:29,500.0,500.0,0
2026-09-26 02:35,500.0,500.0,0
2026-09-26 02:39,500.0,500.0,0
2026-09-26 02:43,500.0,500.0,0
2026-09-26 02:49,500.0,500.0,0
2026-09-26 03:05,500.0,500.0,0
2026-09-26 03:41,500.0,500.0,0
2026-09-26 03:49,500.0,500.0,0
2026-09-26 03:57,500.0,500.0,0
2026-09-26 04:07,500.0,500.0,0
2026-09-26 04:21,500.0,500.0,0
2026-09-26 04:52,500.0,500.0,0
2026-09-26 05:03,500.0,500.0,0
2026-09-26 05:18,500.0,500.0,0
2026-09-26 05:31,500.0,500.0,0
2026-09-26 05:46,500.0,500.0,0
2026-09-26 06:04,500.0,500.0,0
2026-09-26 07:05,500.0,500.0,0
2026-09-26 07:12,500.0,500.0,0
2026-09-26 07:17,500.0,500.0,0
2026-09-26 07:20,500.0,500.0,0
2026-09-26 07:24,500.0,500.0,0
2026-09-26 07:49,500.0,500.0,0
2026-09-26 08:06,500.0,500.0,0
2026-09-26 08:50,500.0,500.0,0
2026-09-26 09:06,500.0,500.0,0
2026-09-26 09:20,500.0,500.0,0
2026-09-26 09:25,500.0,500.0,0
2026-09-26 10:05,500.0,500.0,0
2026-09-26 11:05,500.0,500.0,0
2026-09-26 11:20,500.0,500.0,0
2026-09-26 12:06,500.0,500.0,0
2026-09-26 13:06,500.0,500.0,0
2026-09-26 14:06,500.0,500.0,0
2026-09-26 14:14,500.0,500.0,0
2026-09-26 14:56,500.0,500.0,0
2026-09-26 15:01,500.0,500.0,0
2026-09-26 15:07,500.0,500.0,0
2026-09-26 16:06,500.0,500.0,0
2026-09-26 16:21,500.0,500.0,0
2026-09-26 16:34,500.0,500.0,0
2026-09-26 17:06,500.0,500.0,0
2026-09-26 18:06,500.0,500.0,0
2026-09-26 19:06,500.0,500.0,0
2026-09-26 20:07,500.0,500.0,0
2026-09-26 20:13,500.0,500.0,0
2026-09-26 20:29,500.0,500.0,0
2026-09-26 21:06,500.0,500.0,0
2026-09-26 22:05,500.0,500.0,0
2026-09-26 23:05,500.0,500.0,0
2026-09-26 23:25,500.0,500.0,0
2026-09-26 23:47,500.0,500.0,0
2026-09-27 00:06,500.0,500.0,0
2026-09-27 00:12,500.0,500.0,0
2026-09-27 01:07,500.0,500.0,0
2026-09-27 01:13,500.0,500.0,0
2026-09-27 02:06,500.0,500.0,0
2026-09-27 02:11,500.0,500.0,0
2026-09-27 03:24,500.0,500.0,0
2026-09-27 03:29,500.0,500.0,0
2026-09-27 04:05,500.0,500.0,0
2026-09-27 04:11,500.0,500.0,0
2026-09-27 05:05,500.0,500.0,0
2026-09-27 05:15,500.0,500.0,0
2026-09-27 05:44,500.0,500.0,0
2026-09-27 06:05,500.0,500.0,0
2026-09-27 06:20,500.0,500.0,0
2026-09-27 06:53,500.0,500.0,0
2026-09-27 07:06,500.0,500.0,0
2026-09-27 08:06,500.0,500.0,0
2026-09-27 09:06,500.0,500.0,0
2026-09-27 10:06,500.0,500.0,0
2026-09-27 11:06,500.0,500.0,0
2026-09-27 11:59,500.0,500.0,0
2026-09-27 12:05,500.0,500.0,0
2026-09-27 13:05,500.0,500.0,0
2026-09-27 13:31,500.0,500.0,0
2026-09-27 14:06,500.0,500.0,0
2026-09-27 15:06,500.0,500.0,0
2026-09-27 16:06,500.0,500.0,0
2026-09-27 16:58,500.0,500.0,0
2026-09-27 17:06,500.0,500.0,0
2026-09-27 18:07,500.0,500.0,0
2026-09-27 19:07,500.0,500.0,0
2026-09-27 20:07,500.0,500.0,0
2026-09-27 20:57,500.0,500.0,0
2026-09-27 21:06,500.0,500.0,0
2026-09-27 21:20,500.0,500.0,0
2026-09-27 21:29,500.0,500.0,0
2026-09-27 22:07,500.0,500.0,0
2026-09-27 23:07,500.0,500.0,0
2026-09-28 00:07,500.0,500.0,0
2026-09-28 01:07,500.0,500.0,0
2026-09-28 02:07,500.0,500.0,0
2026-09-28 03:07,500.0,500.0,0
2026-09-28 05:18,500.0,500.0,0
2026-09-28 05:29,500.0,500.0,0
2026-09-28 06:06,500.0,500.0,0
2026-09-28 07:06,500.0,500.0,0
2026-09-28 08:07,500.0,500.0,0
2026-09-28 09:06,500.0,500.0,0
2026-09-28 10:06,500.0,500.0,0
2026-09-28 11:06,500.0,500.0,0
2026-09-28 12:40,500.0,500.0,0
2026-09-28 12:44,500.0,500.0,0
2026-09-28 13:05,499.5,400.0,1
2026-09-28 13:32,498.67,400.0,1
2026-09-28 14:06,497.38,400.0,1
2026-09-28 15:07,494.04,494.04,0
2026-09-28 16:06,494.04,494.04,0
2026-09-28 17:06,494.04,494.04,0
2026-09-28 18:06,494.04,494.04,0
2026-09-28 18:34,494.04,494.04,0
2026-09-28 18:52,494.04,494.04,0
2026-09-28 19:00,494.04,494.04,0
2026-09-28 19:06,494.04,494.04,0
2026-09-28 20:06,494.04,494.04,0
2026-09-28 20:40,494.04,494.04,0
2026-09-28 21:05,494.04,494.04,0
2026-09-28 21:30,494.04,494.04,0
2026-09-28 22:06,494.04,494.04,0
2026-09-28 23:06,494.04,494.04,0
2026-09-29 00:06,494.04,494.04,0
2026-09-29 01:06,494.04,494.04,0
2026-09-29 02:06,494.04,494.04,0
2026-09-29 03:06,494.04,494.04,0
2026-09-29 03:16,494.04,494.04,0
2026-09-29 04:06,494.04,494.04,0
2026-09-29 05:05,494.04,494.04,0
2026-09-29 05:32,494.04,494.04,0
2026-09-29 06:06,494.04,494.04,0
2026-09-29 07:06,494.04,494.04,0
2026-09-29 08:06,494.04,494.04,0
2026-09-29 09:05,494.04,494.04,0
2026-09-29 10:05,494.04,494.04,0
2026-09-29 11:06,494.04,494.04,0
2026-09-29 11:19,494.04,494.04,0
2026-09-29 12:06,494.04,494.04,0
2026-09-29 13:06,494.04,494.04,0
2026-09-29 14:06,494.04,494.04,0
2026-09-29 15:06,494.04,494.04,0
2026-09-29 16:07,494.04,494.04,0
2026-09-29 17:06,494.04,494.04,0
2026-09-29 17:10,494.04,494.04,0
2026-09-29 18:06,494.04,494.04,0
2026-09-29 19:06,494.04,494.04,0
2026-09-29 19:55,494.04,494.04,0
2026-09-29 20:05,494.04,494.04,0
2026-09-29 21:05,494.04,494.04,0
2026-09-29 21:32,494.04,494.04,0
2026-09-29 22:05,494.04,494.04,0
2026-09-29 23:05,494.04,494.04,0
2026-09-29 23:29,494.04,494.04,0
2026-09-30 00:05,494.04,494.04,0
2026-09-30 01:05,494.04,494.04,0
2026-09-30 02:05,494.04,494.04,0
2026-09-30 03:05,494.04,494.04,0
2026-09-30 04:05,494.04,494.04,0
2026-09-30 05:05,494.04,494.04,0
2026-09-30 05:15,494.04,494.04,0
2026-09-30 06:05,494.04,494.04,0
2026-09-30 07:05,494.04,494.04,0
2026-09-30 08:05,494.04,494.04,0
2026-09-30 09:45,494.04,494.04,0
2026-09-30 10:06,494.04,494.04,0
2026-09-30 11:06,494.04,494.04,0
2026-09-30 12:06,494.04,494.04,0
2026-09-30 13:06,494.04,494.04,0
2026-09-30 14:06,494.04,494.04,0
2026-09-30 15:06,494.04,494.04,0
2026-09-30 15:31,494.04,494.04,0
2026-09-30 16:07,494.04,494.04,0
2026-09-30 17:06,494.04,494.04,0
2026-09-30 18:07,494.04,494.04,0
2026-09-30 19:06,494.04,494.04,0
2026-09-30 20:06,494.04,494.04,0
2026-09-30 21:06,494.04,494.04,0
2026-09-30 21:17,494.04,494.04,0
2026-09-30 21:31,494.04,494.04,0
2026-09-30 22:05,494.04,494.04,0
2026-09-30 22:33,494.04,494.04,0
2026-09-30 23:06,494.04,494.04,0
2026-09-30 23:24,494.04,494.04,0
2026-10-01 00:06,494.04,494.04,0
2026-10-01 01:06,494.04,494.04,0
2026-10-01 02:06,494.04,494.04,0
2026-10-01 03:06,494.04,494.04,0
2026-10-01 04:07,494.04,494.04,0
2026-10-01 05:05,494.04,494.04,0
2026-10-01 05:29,494.04,494.04,0
2026-10-01 06:06,494.04,494.04,0
2026-10-01 07:06,494.04,494.04,0
2026-10-01 08:06,494.04,494.04,0
2026-10-01 08:37,494.04,494.04,0
2026-10-01 09:06,494.04,494.04,0
2026-10-01 10:06,494.04,494.04,0
2026-10-01 11:06,494.04,494.04,0
2026-10-01 12:06,494.04,494.04,0
2026-10-01 13:06,494.04,494.04,0
2026-10-01 14:06,494.04,494.04,0
2026-10-01 15:07,494.04,494.04,0
2026-10-01 16:07,494.04,494.04,0
2026-10-01 17:07,494.04,494.04,0
2026-10-01 18:07,494.04,494.04,0
2026-10-01 19:07,494.04,494.04,0
2026-10-01 19:52,494.04,494.04,0
2026-10-01 20:05,494.04,494.04,0
2026-10-01 21:05,494.04,494.04,0
2026-10-01 21:31,494.04,494.04,0
2026-10-01 22:06,494.04,494.04,0
2026-10-01 23:06,494.04,494.04,0
2026-10-02 00:06,494.04,494.04,0
2026-10-02 01:06,494.04,494.04,0
2026-10-02 02:06,494.04,494.04,0
2026-10-02 03:06,494.04,494.04,0
2026-10-02 03:17,494.04,494.04,0
2026-10-02 04:06,494.04,494.04,0
2026-10-02 05:06,494.04,494.04,0
2026-10-02 05:30,494.04,494.04,0
2026-10-02 06:06,494.04,494.04,0
2026-10-02 07:06,494.04,494.04,0
2026-10-02 08:06,494.04,494.04,0
2026-10-02 09:06,494.04,494.04,0
2026-10-02 10:06,494.04,494.04,0
2026-10-02 11:06,494.04,494.04,0
2026-10-02 11:17,494.04,494.04,0
2026-10-02 12:06,494.04,494.04,0
2026-10-02 13:06,494.04,494.04,0
2026-10-02 14:06,494.04,494.04,0
2026-10-02 15:06,494.04,494.04,0
2026-10-02 16:06,494.04,494.04,0
2026-10-02 17:04,494.04,494.04,0
2026-10-02 17:45,494.04,494.04,0
2026-10-02 18:06,494.04,494.04,0
2026-10-02 19:06,494.04,494.04,0
2026-10-02 20:06,494.04,494.04,0
2026-10-02 21:06,494.04,494.04,0
2026-10-02 22:06,494.04,494.04,0
2026-10-02 23:06,494.04,494.04,0
2026-10-02 23:32,494.04,494.04,0
2026-10-03 00:06,494.04,494.04,0
2026-10-03 01:06,494.04,494.04,0
2026-10-03 02:06,494.04,494.04,0
2026-10-03 03:06,494.04,494.04,0
2026-10-03 04:06,494.04,494.04,0
2026-10-03 05:06,494.04,494.04,0
2026-10-03 05:18,494.04,494.04,0
2026-10-03 06:05,494.04,494.04,0
2026-10-03 07:05,494.04,494.04,0
2026-10-03 08:05,494.04,494.04,0
2026-10-03 09:05,494.04,494.04,0
2026-10-03 10:05,494.04,494.04,0
2026-10-03 11:05,494.04,494.04,0
2026-10-03 11:09,494.04,494.04,0
2026-10-03 12:06,494.04,494.04,0
2026-10-03 13:06,494.04,494.04,0
2026-10-03 14:06,494.04,494.04,0
2026-10-03 15:06,494.04,494.04,0
2026-10-03 16:06,494.04,494.04,0
2026-10-03 16:55,494.04,494.04,0
2026-10-03 17:06,494.04,494.04,0
2026-10-03 18:06,494.04,494.04,0
2026-10-03 19:06,494.04,494.04,0
2026-10-03 20:06,494.04,494.04,0
2026-10-03 21:06,494.04,494.04,0
2026-10-03 21:31,494.04,494.04,0
2026-10-03 22:06,494.04,494.04,0
2026-10-03 23:06,494.04,494.04,0
2026-10-04 00:07,494.04,494.04,0
2026-10-04 01:06,494.04,494.04,0
2026-10-04 02:06,494.04,494.04,0
2026-10-04 03:06,494.04,494.04,0
2026-10-04 03:17,494.04,494.04,0
2026-10-04 04:05,494.04,494.04,0
2026-10-04 05:05,494.04,494.04,0
2026-10-04 06:05,494.04,494.04,0
2026-10-04 07:05,494.04,494.04,0
2026-10-04 08:05,494.04,494.04,0
2026-10-04 09:04,494.04,494.04,0
2026-10-04 10:06,494.04,494.04,0
2026-10-04 11:06,494.04,494.04,0
2026-10-04 12:06,494.04,494.04,0
2026-10-04 13:06,494.04,494.04,0
2026-10-04 14:07,494.04,494.04,0
2026-10-04 14:51,494.04,494.04,0
2026-10-04 15:06,494.04,494.04,0
2026-10-04 16:06,494.04,494.04,0
2026-10-04 17:06,494.04,494.04,0
2026-10-04 18:06,494.04,494.04,0
2026-10-04 19:06,494.04,494.04,0
2026-10-04 20:06,494.04,494.04,0
2026-10-04 20:37,494.04,494.04,0
2026-10-04 21:06,494.04,494.04,0
2026-10-04 22:06,494.04,494.04,0
2026-10-04 23:06,494.04,494.04,0
2026-10-05 00:06,494.04,494.04,0
2026-10-05 01:06,494.04,494.04,0
2026-10-05 02:06,494.04,494.04,0
2026-10-05 02:24,494.04,494.04,0
2026-10-05 03:06,494.04,494.04,0
2026-10-05 04:06,494.04,494.04,0
2026-10-05 05:06,494.04,494.04,0
2026-10-05 06:06,494.04,494.04,0
2026-10-05 07:06,494.04,494.04,0
2026-10-05 08:06,494.04,494.04,0
2026-10-05 08:10,494.04,494.04,0
2026-10-05 09:05,494.04,494.04,0
2026-10-05 10:05,494.04,494.04,0
2026-10-05 11:05,494.04,494.04,0
2026-10-05 12:05,494.04,494.04,0
2026-10-05 13:06,494.04,494.04,0
2026-10-05 13:57,494.04,494.04,0
2026-10-05 14:07,494.04,494.04,0
2026-10-05 15:07,494.04,494.04,0
2026-10-05 16:07,494.04,494.04,0
2026-10-05 17:07,494.04,494.04,0
2026-10-05 18:07,494.04,494.04,0
2026-10-05 19:06,494.04,494.04,0
2026-10-05 19:49,494.04,494.04,0
2026-10-05 20:06,494.04,494.04,0
2026-10-05 21:06,494.04,494.04,0
2026-10-05 22:06,494.04,494.04,0
2026-10-05 23:06,494.04,494.04,0
2026-10-05 23:57,494.04,494.04,0
2026-10-06 00:03,494.04,494.04,0
2026-10-06 01:06,494.04,494.04,0
2026-10-06 02:06,494.04,494.04,0
2026-10-06 03:06,494.04,494.04,0
2026-10-06 04:07,494.04,494.04,0
2026-10-06 05:06,494.04,494.04,0
2026-10-06 05:30,494.04,494.04,0
2026-10-06 06:05,494.04,494.04,0
2026-10-06 07:05,494.04,494.04,0
2026-10-06 08:05,494.04,494.04,0
2026-10-06 09:05,494.04,494.04,0
2026-10-06 10:05,494.04,494.04,0
2026-10-06 11:05,494.04,494.04,0
2026-10-06 11:17,494.04,494.04,0
2026-10-06 12:06,494.04,494.04,0
2026-10-06 13:06,494.04,494.04,0
2026-10-06 13:33,494.04,494.04,0
2026-10-06 14:05,494.04,494.04,0
2026-10-06 15:05,494.04,494.04,0
2026-10-06 16:05,494.04,494.04,0
2026-10-06 17:05,494.04,494.04,0
2026-10-06 18:05,494.04,494.04,0
2026-10-06 19:05,494.04,494.04,0
2026-10-06 19:22,494.04,494.04,0
2026-10-06 20:06,494.04,494.04,0
2026-10-06 21:06,494.04,494.04,0
2026-10-06 22:06,494.04,494.04,0
2026-10-06 23:06,494.04,494.04,0
2026-10-07 00:06,494.04,494.04,0
2026-10-07 01:06,494.04,494.04,0
2026-10-07 01:10,494.04,494.04,0
2026-10-07 02:05,494.04,494.04,0
2026-10-07 03:05,494.04,494.04,0
2026-10-07 04:06,494.04,494.04,0
2026-10-07 05:05,494.04,494.04,0
2026-10-07 06:05,494.04,494.04,0
2026-10-07 06:57,494.04,494.04,0
2026-10-07 07:06,494.04,494.04,0
2026-10-07 08:06,494.04,494.04,0
2026-10-07 09:06,494.04,494.04,0
2026-10-07 10:06,494.04,494.04,0
2026-10-07 11:06,494.04,494.04,0
2026-10-07 12:06,494.04,494.04,0
2026-10-07 12:44,494.04,494.04,0
2026-10-07 13:07,494.04,494.04,0
2026-10-07 14:07,494.04,494.04,0
2026-10-07 15:07,494.04,494.04,0
2026-10-07 15:54,494.04,494.04,0
2026-10-07 16:05,494.04,494.04,0
2026-10-07 17:05,494.04,494.04,0
2026-10-07 18:05,494.04,494.04,0
