id,league,start,status,home,away,home_name,away_name,home_score,away_score,ml_home,ml_away,odds_time,neutral,ml_home_open,ml_away_open,spread_home,spread_home_odds,spread_away_odds,inj_home,inj_away,sp_home,sp_away,stype,country,intl,city,state,indoor,elev,wx_temp,wx_wind,wx_rain,tzo,ls_home,ls_away,h1_ml_home,h1_ml_away,h1_spread_home,h1_spread_home_odds,h1_spread_away_odds,total,over_odds,under_odds
mlb:370930113,mlb,2017-10-01T00:05Z,final,13,11,Rangers,Athletics,8,4,,,,0,,,,,,,,Andrew Cashner,Daniel Gossett,2,,0,Arlington,Texas,0,184,74,8,0.0,-5.0,"0,4,1,0,0,2,1,0","0,0,0,0,0,2,0,1,1",,,,,,,,
mlb:370930127,mlb,2017-10-01T00:10Z,final,27,19,Rockies,Dodgers,3,5,,,,0,,,,,,,,German Marquez,Clayton Kershaw,2,,0,Denver,Colorado,0,1609,56,14,0.9,-6.0,"0,3,0,0,0,0,0,0,0","0,0,1,0,2,0,1,0,1",,,,,,,,
mlb:370930103,mlb,2017-10-01T01:07Z,final,3,12,Angels,Mariners,4,6,,,,0,,,,,,,,Ricky Nolasco,Andrew Albers,2,,0,Anaheim,California,0,48,67,10,0.0,-7.0,"0,0,0,1,2,1,0,0,0","0,0,0,0,1,0,0,5,0",,,,,,,,
mlb:371001102,mlb,2017-10-01T19:05Z,final,2,18,Red Sox,Astros,3,4,,,,0,,,,,,,,Héctor Velazquez,Collin McHugh,2,,0,Boston,Massachusetts,0,14,54,8,0.0,-4.0,"0,0,0,3,0,0,0,0,0","0,0,0,0,0,0,4,0,0",,,,,,,,
mlb:371001110,mlb,2017-10-01T19:05Z,final,10,14,Yankees,Blue Jays,1,2,,,,0,,,,,,,,Jordan Montgomery,Brett Anderson,2,,0,Bronx,New York,0,28,57,10,0.0,-4.0,"0,0,0,0,0,0,1,0,0","0,0,0,1,0,0,0,1,0",,,,,,,,
mlb:371001113,mlb,2017-10-01T19:05Z,final,13,11,Rangers,Athletics,2,5,,,,0,,,,,,,,Cole Hamels,Daniel Mengden,2,,0,Arlington,Texas,0,184,74,8,0.0,-5.0,"0,0,0,0,0,0,0,2,0","0,0,3,0,0,1,0,1,0",,,,,,,,
mlb:371001120,mlb,2017-10-01T19:05Z,final,20,23,Nationals,Pirates,8,11,,,,0,,,,,,,,Gio Gonzalez,Steven Brault,2,,0,Washington,District of Columbia,0,7,57,7,0.0,-4.0,"3,0,1,0,0,0,2,0,2","5,0,0,0,1,2,0,3,0",,,,,,,,
mlb:371001122,mlb,2017-10-01T19:05Z,final,22,21,Phillies,Mets,11,0,,,,0,,,,,,,,Nick Pivetta,Noah Syndergaard,2,,0,Philadelphia,Pennsylvania,0,12,58,10,0.0,-4.0,"0,0,0,6,0,0,0,5","0,0,0,0,0,0,0,0,0",,,,,,,,
mlb:371001126,mlb,2017-10-01T19:05Z,final,26,25,Giants,Padres,5,4,,,,0,,,,,,,,Johnny Cueto,Luis Perdomo,2,,0,San Francisco,California,0,16,64,20,0.0,-7.0,"0,1,0,3,0,0,0,0,1","2,0,1,1,0,0,0,0,0",,,,,,,,
mlb:371001103,mlb,2017-10-01T19:07Z,final,3,12,Angels,Mariners,6,2,,,,0,,,,,,,,Parker Bridwell,James Paxton,2,,0,Anaheim,California,0,48,67,10,0.0,-7.0,"0,0,0,0,0,0,6,0","0,0,0,0,0,0,0,1,1",,,,,,,,
mlb:371001105,mlb,2017-10-01T19:10Z,final,5,4,Indians,White Sox,3,1,,,,0,,,,,,,,Josh Tomlin,Chris Volstad,2,,0,Cleveland,Ohio,0,199,54,13,0.0,-4.0,"3,0,0,0,0,0,0,0","0,0,0,0,1,0,0,0,0",,,,,,,,
mlb:371001109,mlb,2017-10-01T19:10Z,final,9,6,Twins,Tigers,5,1,,,,0,,,,,,,,Bartolo Colon,Anibal Sanchez,2,,0,Minneapolis,Minnesota,0,253,59,14,5.8,-5.0,"1,0,0,2,0,1,0,1","0,0,1,0,0,0,0,0,0",,,,,,,,
mlb:371001127,mlb,2017-10-01T19:10Z,final,27,19,Rockies,Dodgers,3,6,,,,0,,,,,,,,Kyle Freeland,Ross Stripling,2,,0,Denver,Colorado,0,1609,56,14,0.9,-6.0,"0,0,0,0,0,1,2,0,0","1,0,1,1,2,0,1,0,0",,,,,,,,
mlb:371001128,mlb,2017-10-01T19:10Z,final,28,15,Marlins,Braves,5,8,,,,0,,,,,,,,Jose Urena,Max Fried,2,,0,Miami,Florida,0,2,81,12,6.8,-4.0,"0,0,0,0,4,0,1,0,0","0,0,3,0,0,1,4,0,0",,,,,,,,
mlb:400910181,mlb,2017-10-01T19:10Z,final,30,1,Rays,Orioles,6,0,,,,0,,,,,,,,Blake Snell,Kevin Gausman,2,,0,St. Petersburg,Florida,1,13,,,,-4.0,"0,0,0,0,1,0,0,5","0,0,0,0,0,0,0,0,0",,,,,,,,
mlb:371001107,mlb,2017-10-01T19:15Z,final,7,29,Royals,Diamondbacks,2,14,,,,0,,,,,,,,Jason Vargas,Robbie Ray,2,,0,Kansas City,Missouri,0,274,67,12,0.2,-5.0,"1,0,0,1,0,0,0,0,0","0,1,0,1,4,4,2,1,1",,,,,,,,
mlb:371001124,mlb,2017-10-01T19:15Z,final,24,8,Cardinals,Brewers,1,6,,,,0,,,,,,,,Jack Flaherty,Aaron Wilkerson,2,,0,St. Louis,Missouri,0,142,65,10,0.0,-5.0,"0,0,0,0,0,0,1,0,0","4,0,0,0,0,0,0,2,0",,,,,,,,
mlb:371001116,mlb,2017-10-01T19:20Z,final,16,17,Cubs,Reds,1,3,,,,0,,,,,,,,Mike Montgomery,Deck McGuire,2,,0,Chicago,Illinois,0,179,61,12,0.0,-5.0,"0,0,0,0,0,0,0,0,1","0,0,0,1,1,1,0,0,0",,,,,,,,
mlb:371003110,mlb,2017-10-04T00:00Z,final,10,9,Yankees,Twins,8,4,,,,0,,,,,,,,Luis Severino,Ervin Santana,3,,0,Bronx,New York,0,28,61,10,0.0,-4.0,"3,1,1,2,0,0,1,0","3,0,1,0,0,0,0,0,0",,,,,,,,
mlb:371004129,mlb,2017-10-05T00:00Z,final,29,27,Diamondbacks,Rockies,11,8,,,,0,,,,,,,,Zack Greinke,Jon Gray,3,,0,Phoenix,Arizona,1,331,,,,-7.0,"3,1,2,0,0,0,2,3","0,0,0,4,0,0,1,2,1",,,,,,,,
mlb:371005118,mlb,2017-10-05T20:08Z,final,18,2,Astros,Red Sox,8,2,,,,0,,,,,,,,Justin Verlander,Chris Sale,3,,0,Houston,Texas,1,12,,,,-5.0,"2,0,0,2,1,2,1,0","0,1,0,1,0,0,0,0,0",,,,,,,,
mlb:371005105,mlb,2017-10-05T23:30Z,final,5,10,Indians,Yankees,4,0,,,,0,,,,,,,,Trevor Bauer,Sonny Gray,3,,0,Cleveland,Ohio,0,199,66,8,4.4,-4.0,"0,1,0,2,1,0,0,0","0,0,0,0,0,0,0,0,0",,,,,,,,
mlb:371006118,mlb,2017-10-06T18:05Z,final,18,2,Astros,Red Sox,8,2,,,,0,,,,,,,,Dallas Keuchel,Drew Pomeranz,3,,0,Houston,Texas,1,12,,,,-5.0,"2,0,2,0,0,4,0,0","0,1,0,0,0,0,0,0,1",,,,,,,,
mlb:371006105,mlb,2017-10-06T21:08Z,final,5,10,Indians,Yankees,9,8,,,,0,,,,,,,,Corey Kluber,CC Sabathia,3,,0,Cleveland,Ohio,0,199,67,10,3.4,-4.0,"2,1,0,0,0,4,0,1,0,0,0,0,1","2,0,4,0,2,0,0,0,0,0,0,0,0",,,,,,,,
mlb:371006120,mlb,2017-10-06T23:30Z,final,20,16,Nationals,Cubs,0,3,,,,0,,,,,,,,Stephen Strasburg,Kyle Hendricks,3,,0,Washington,District of Columbia,0,7,70,7,0.0,-4.0,"0,0,0,0,0,0,0,0,0","0,0,0,0,0,2,0,1,0",,,,,,,,
mlb:371006119,mlb,2017-10-07T02:30Z,final,19,29,Dodgers,Diamondbacks,9,5,,,,0,,,,,,,,Clayton Kershaw,Taijuan Walker,3,,0,Los Angeles,California,0,89,79,11,0.0,-7.0,"4,0,0,3,0,0,0,2","0,0,1,0,0,1,2,0,1",,,,,,,,
mlb:371007120,mlb,2017-10-07T21:38Z,final,20,16,Nationals,Cubs,6,3,,,,0,,,,,,,,Gio Gonzalez,Jon Lester,3,,0,Washington,District of Columbia,0,7,72,12,0.0,-4.0,"1,0,0,0,0,0,0,5","0,1,0,2,0,0,0,0,0",,,,,,,,
mlb:371007119,mlb,2017-10-08T01:08Z,final,19,29,Dodgers,Diamondbacks,8,5,,,,0,,,,,,,,Rich Hill,Robbie Ray,3,,0,Los Angeles,California,0,89,70,9,0.0,-7.0,"0,1,0,2,4,0,1,0","2,0,0,0,0,0,3,0,0",,,,,,,,
mlb:371008102,mlb,2017-10-08T18:38Z,final,2,18,Red Sox,Astros,10,3,,,,0,,,,,,,,Doug Fister,Brad Peacock,3,,0,Boston,Massachusetts,0,14,70,19,3.6,-4.0,"0,1,3,0,0,0,6,0","3,0,0,0,0,0,0,0,0",,,,,,,,
mlb:371008110,mlb,2017-10-08T23:38Z,final,10,5,Yankees,Indians,1,0,,,,0,,,,,,,,Masahiro Tanaka,Carlos Carrasco,3,,0,Bronx,New York,0,28,72,12,6.6,-4.0,"0,0,0,0,0,0,1,0","0,0,0,0,0,0,0,0,0",,,,,,,,
mlb:371009102,mlb,2017-10-09T17:08Z,final,2,18,Red Sox,Astros,4,5,,,,0,,,,,,,,Rick Porcello,Charlie Morton,3,,0,Boston,Massachusetts,0,14,72,17,14.9,-4.0,"1,0,0,0,2,0,0,0,1","1,1,0,0,0,0,0,2,1",,,,,,,,
mlb:371009116,mlb,2017-10-09T20:08Z,final,16,20,Cubs,Nationals,2,1,,,,0,,,,,,,,Jose Quintana,Max Scherzer,3,,0,Chicago,Illinois,0,179,65,10,0.0,-5.0,"0,0,0,0,0,0,1,1","0,0,0,0,0,1,0,0,0",,,,,,,,
mlb:371009110,mlb,2017-10-09T23:08Z,final,10,5,Yankees,Indians,7,3,,,,0,,,,,,,,Luis Severino,Trevor Bauer,3,,0,Bronx,New York,0,28,72,16,13.7,-4.0,"0,4,1,0,1,1,0,0","0,0,0,2,1,0,0,0,0",,,,,,,,
mlb:371009129,mlb,2017-10-10T02:08Z,final,29,19,Diamondbacks,Dodgers,1,3,,,,0,,,,,,,,Zack Greinke,Yu Darvish,3,,0,Phoenix,Arizona,1,331,,,,-7.0,"0,0,0,0,1,0,0,0,0","1,0,0,0,1,1,0,0,0",,,,,,,,
mlb:371010116,mlb,2017-10-10T21:38Z,void,16,20,Cubs,Nationals,,,,,,0,,,,,,,,Jake Arrieta,Tanner Roark,3,,0,Chicago,Illinois,0,179,64,17,5.0,-5.0,,,,,,,,,,
mlb:371011116,mlb,2017-10-11T20:08Z,final,16,20,Cubs,Nationals,0,5,,,,0,,,,,,,,Jake Arrieta,Stephen Strasburg,3,,0,Chicago,Illinois,0,179,59,22,30.0,-5.0,"0,0,0,0,0,0,0,0,0","0,0,1,0,0,0,0,4,0",,,,,,,,
mlb:371011105,mlb,2017-10-12T00:08Z,final,5,10,Indians,Yankees,2,5,,,,0,,,,,,,,Corey Kluber,CC Sabathia,3,,0,Cleveland,Ohio,0,199,62,16,1.4,-4.0,"0,0,0,0,2,0,0,0,0","1,0,2,0,0,0,0,0,2",,,,,,,,
mlb:371012120,mlb,2017-10-13T00:08Z,final,20,16,Nationals,Cubs,8,9,,,,0,,,,,,,,Gio Gonzalez,Kyle Hendricks,3,,0,Washington,District of Columbia,0,7,62,9,0.2,-4.0,"0,4,0,0,0,2,1,1,0","1,0,2,0,4,1,1,0,0",,,,,,,,
mlb:371013118,mlb,2017-10-14T00:08Z,final,18,10,Astros,Yankees,2,1,,,,0,,,,,,,,Dallas Keuchel,Masahiro Tanaka,3,,0,Houston,Texas,1,12,,,,-5.0,"0,0,0,2,0,0,0,0","0,0,0,0,0,0,0,0,1",,,,,,,,
mlb:371014118,mlb,2017-10-14T20:08Z,final,18,10,Astros,Yankees,2,1,,,,0,,,,,,,,Justin Verlander,Luis Severino,3,,0,Houston,Texas,1,12,,,,-5.0,"0,0,0,1,0,0,0,0,1","0,0,0,0,1,0,0,0,0",,,,,,,,
mlb:371014119,mlb,2017-10-15T00:08Z,final,19,16,Dodgers,Cubs,5,2,,,,0,,,,,,,,Clayton Kershaw,Jose Quintana,3,,0,Los Angeles,California,0,89,73,10,0.0,-7.0,"0,0,0,0,2,1,2,0","0,0,0,2,0,0,0,0,0",,,,,,,,
mlb:371015119,mlb,2017-10-15T23:38Z,final,19,16,Dodgers,Cubs,4,1,,,,0,,,,,,,,Rich Hill,Jon Lester,3,,0,Los Angeles,California,0,89,73,10,0.0,-7.0,"0,0,0,0,1,0,0,0,3","0,0,0,0,1,0,0,0,0",,,,,,,,
mlb:371016110,mlb,2017-10-17T00:08Z,final,10,18,Yankees,Astros,8,1,,,,0,,,,,,,,CC Sabathia,Charlie Morton,3,,0,Bronx,New York,0,28,50,11,0.0,-4.0,"0,3,0,5,0,0,0,0","0,0,0,0,0,0,0,0,1",,,,,,,,
mlb:371017110,mlb,2017-10-17T21:08Z,final,10,18,Yankees,Astros,6,4,,,,0,,,,,,,,Sonny Gray,Lance McCullers Jr.,3,,0,Bronx,New York,0,28,50,11,0.0,-4.0,"0,0,0,0,0,0,2,4","0,0,0,0,0,3,1,0,0",,,,,,,,
mlb:371017116,mlb,2017-10-18T01:00Z,final,16,19,Cubs,Dodgers,1,6,,,,0,,,,,,,,Kyle Hendricks,Yu Darvish,3,,0,Chicago,Illinois,0,179,57,18,0.0,-5.0,"1,0,0,0,0,0,0,0,0","0,1,1,0,1,1,0,2,0",,,,,,,,
mlb:371018110,mlb,2017-10-18T21:08Z,final,10,18,Yankees,Astros,5,0,,,,0,,,,,,,,Masahiro Tanaka,Dallas Keuchel,3,,0,Bronx,New York,0,28,56,8,0.0,-4.0,"0,1,1,0,2,0,1,0","0,0,0,0,0,0,0,0,0",,,,,,,,
mlb:371018116,mlb,2017-10-19T01:01Z,final,16,19,Cubs,Dodgers,3,2,,,,0,,,,,,,,Jake Arrieta,Alex Wood,3,,0,Chicago,Illinois,0,179,59,16,0.0,-5.0,"0,2,0,0,1,0,0,0","0,0,1,0,0,0,0,1,0",,,,,,,,
mlb:371019116,mlb,2017-10-20T00:08Z,final,16,19,Cubs,Dodgers,1,11,,,,0,,,,,,,,Jose Quintana,Clayton Kershaw,3,,0,Chicago,Illinois,0,179,62,13,0.0,-5.0,"0,0,0,1,0,0,0,0,0","1,1,5,2,0,0,0,0,2",,,,,,,,
mlb:371020118,mlb,2017-10-21T00:08Z,final,18,10,Astros,Yankees,7,1,,,,0,,,,,,,,Justin Verlander,Luis Severino,3,,0,Houston,Texas,1,12,,,,-5.0,"0,0,0,0,3,0,0,4","0,0,0,0,0,0,0,1,0",,,,,,,,
mlb:371021118,mlb,2017-10-22T00:08Z,final,18,10,Astros,Yankees,4,0,,,,0,,,,,,,,Charlie Morton,CC Sabathia,3,,0,Houston,Texas,1,12,,,,-5.0,"0,0,0,1,3,0,0,0","0,0,0,0,0,0,0,0,0",,,,,,,,
mlb:371024119,mlb,2017-10-25T00:09Z,final,19,18,Dodgers,Astros,3,1,,,,0,,,,,,,,Clayton Kershaw,Dallas Keuchel,3,,0,Los Angeles,California,0,89,83,10,0.0,-7.0,"1,0,0,0,0,2,0,0","0,0,0,1,0,0,0,0,0",,,,,,,,
mlb:371025119,mlb,2017-10-26T00:09Z,final,19,18,Dodgers,Astros,6,7,,,,0,,,,,,,,Rich Hill,Justin Verlander,3,,0,Los Angeles,California,0,89,79,10,0.0,-7.0,"0,0,0,0,1,2,0,0,0,2,1","0,0,1,0,0,0,0,1,1,2,2",,,,,,,,
mlb:371027118,mlb,2017-10-28T00:20Z,final,18,19,Astros,Dodgers,5,3,,,,0,,,,,,,,Lance McCullers Jr.,Yu Darvish,3,,0,Houston,Texas,1,12,,,,-5.0,"0,4,0,0,1,0,0,0","0,0,1,0,0,2,0,0,0",,,,,,,,
mlb:371028118,mlb,2017-10-29T00:20Z,final,18,19,Astros,Dodgers,2,6,,,,0,,,,,,,,Charlie Morton,Alex Wood,3,,0,Houston,Texas,1,12,,,,-5.0,"0,0,0,0,0,1,0,0,1","0,0,0,0,0,0,1,0,5",,,,,,,,
mlb:371029118,mlb,2017-10-30T00:20Z,final,18,19,Astros,Dodgers,13,12,,,,0,,,,,,,,Dallas Keuchel,Clayton Kershaw,3,,0,Houston,Texas,1,12,,,,-5.0,"0,0,0,4,3,0,4,1,0,1","3,0,0,1,3,0,1,1,3,0",,,,,,,,
