time,side,coin,qty,price,usd,fee,pnl,reason
2026-09-25 21:00,BUY,NEAR,22.03071481,5.086081,112.05,0.45,,entry
2026-09-25 21:00,BUY,SUI,96.59575774,1.159989,112.05,0.45,,entry
2026-09-25 21:00,BUY,LTC,1.58017564,70.909839,112.05,0.45,,entry
2026-09-25 21:00,BUY,AVAX,10.74467863,10.428418,112.05,0.45,,entry
2026-09-28 19:37,SELL,NEAR,22.03071481,4.73486,104.31,0.42,-8.6,stop hit (live check)
2026-09-29 02:34,SELL,SUI,96.59575774,1.098071,106.07,0.42,-6.86,stop hit (live check)
2026-10-05 00:00,BUY,AAVE,0.6134507,178.963785,109.79,0.44,,entry
2026-10-05 00:00,BUY,BTC,0.00115578,86454.72836,99.92,0.4,,entry
2026-10-08 13:42,SELL,LTC,1.58017564,63.654282,100.58,0.4,-12.32,stop hit (live check)
2026-10-08 15:20,SELL,AVAX,10.74467863,10.170819,109.28,0.44,-3.65,stop hit (live check)
