time,coin,source,rank,mentions
2026-10-01 00:07,STONK,geckoterminal_5m,6,
2026-10-01 00:07,KMNO,geckoterminal_5m,7,
2026-10-01 00:07,PONS,geckoterminal_5m,10,
2026-10-01 00:07,STONK,geckoterminal_5m,16,
2026-10-01 00:07,CAP,geckoterminal_1h,3,
2026-10-01 00:07,PONS,geckoterminal_1h,7,
2026-10-01 00:07,PONS,geckoterminal_1h,9,
2026-10-01 00:07,STONK,geckoterminal_1h,11,
2026-10-01 00:07,CASHCAT,geckoterminal_1h,16,
2026-10-01 00:07,PONS,geckoterminal_1h,18,
2026-10-01 00:07,PONS,geckoterminal_1h,20,
2026-10-01 00:07,BLAST,dexscreener,13,
2026-10-01 00:07,TRUMP,coingecko,3,
2026-10-01 00:07,QNT,coingecko,4,
2026-10-01 00:07,NEAR,coingecko,5,
2026-10-01 00:07,MON,coingecko,6,
2026-10-01 00:07,PENGU,coingecko,7,
2026-10-01 00:07,BTC,coingecko,8,
2026-10-01 00:07,STONK,coingecko,10,
2026-10-01 00:07,SOL,coingecko,11,
2026-10-01 00:07,PRL,coingecko,12,
2026-10-01 00:07,ZRO,coingecko,13,
2026-10-01 00:07,ADA,coingecko,14,
2026-10-01 00:12,SC,dexscreener,14,
2026-10-01 00:17,STONK,geckoterminal_5m,5,
2026-10-01 00:17,PONS,geckoterminal_1h,8,
2026-10-01 00:17,PONS,geckoterminal_1h,9,
2026-10-01 00:17,CASHCAT,geckoterminal_1h,11,
2026-10-01 00:17,STONK,geckoterminal_1h,15,
2026-10-01 00:22,BLAST,dexscreener,19,
2026-10-01 00:22,TRUMP,coingecko,3,
2026-10-01 00:22,QNT,coingecko,4,
2026-10-01 00:22,NEAR,coingecko,5,
2026-10-01 00:22,PENGU,coingecko,6,
2026-10-01 00:22,BTC,coingecko,7,
2026-10-01 00:22,MON,coingecko,8,
2026-10-01 00:22,STONK,coingecko,9,
2026-10-01 00:22,SUI,coingecko,10,
2026-10-01 00:22,SOL,coingecko,11,
2026-10-01 00:22,LINK,coingecko,12,
2026-10-01 00:22,PRL,coingecko,13,
2026-10-01 00:22,ZRO,coingecko,15,
2026-10-01 00:27,PONS,geckoterminal_5m,5,
2026-10-01 00:27,CASHCAT,geckoterminal_5m,9,
2026-10-01 00:27,CASHCAT,geckoterminal_5m,15,
2026-10-01 00:27,PONS,geckoterminal_5m,18,
2026-10-01 00:27,STONK,geckoterminal_5m,19,
2026-10-01 00:27,CASHCAT,geckoterminal_1h,8,
2026-10-01 00:27,PONS,geckoterminal_1h,12,
2026-10-01 00:27,PONS,geckoterminal_1h,14,
2026-10-01 00:27,STONK,geckoterminal_1h,16,
2026-10-01 00:27,SC,dexscreener,14,
2026-10-01 00:37,AERO,geckoterminal_5m,2,
2026-10-01 00:37,KMNO,geckoterminal_5m,16,
2026-10-01 00:37,CARDS,geckoterminal_5m,17,
2026-10-01 00:37,TRUMP,geckoterminal_5m,18,
2026-10-01 00:37,CASHCAT,geckoterminal_1h,9,
2026-10-01 00:37,STONK,geckoterminal_1h,10,
2026-10-01 00:37,PONS,geckoterminal_1h,14,
2026-10-01 00:37,PONS,geckoterminal_1h,19,
2026-10-01 00:37,TRUMP,dexscreener,3,
2026-10-01 00:37,BLAST,dexscreener,23,
2026-10-01 00:37,TRUMP,coingecko,2,
2026-10-01 00:37,QNT,coingecko,4,
2026-10-01 00:37,NEAR,coingecko,5,
2026-10-01 00:37,MON,coingecko,6,
2026-10-01 00:37,BTC,coingecko,7,
2026-10-01 00:37,STONK,coingecko,8,
2026-10-01 00:37,SOL,coingecko,9,
2026-10-01 00:37,PENGU,coingecko,10,
2026-10-01 00:37,HBAR,coingecko,11,
2026-10-01 00:37,SUI,coingecko,12,
2026-10-01 00:37,PONS,coingecko,14,
2026-10-01 00:37,PRL,coingecko,15,
2026-10-01 00:42,SC,dexscreener,14,
2026-10-01 00:42,TRUMP,dexscreener,19,
2026-10-01 00:47,ELON,geckoterminal_5m,6,
2026-10-01 00:47,VVV,geckoterminal_5m,12,
2026-10-01 00:47,PONS,geckoterminal_5m,13,
2026-10-01 00:47,VVV,geckoterminal_5m,19,
2026-10-01 00:47,CASHCAT,geckoterminal_1h,10,
2026-10-01 00:47,STONK,geckoterminal_1h,11,
2026-10-01 00:47,PONS,geckoterminal_1h,14,
2026-10-01 00:47,PONS,geckoterminal_1h,20,
2026-10-01 00:47,TRUMP,dexscreener,3,
2026-10-01 00:52,TRUMP,dexscreener,8,
2026-10-01 00:52,QNT,coingecko,2,
2026-10-01 00:52,TRUMP,coingecko,3,
2026-10-01 00:52,MON,coingecko,4,
2026-10-01 00:52,NEAR,coingecko,5,
2026-10-01 00:52,PENGU,coingecko,8,
2026-10-01 00:52,BTC,coingecko,9,
2026-10-01 00:52,PONS,coingecko,10,
2026-10-01 00:52,ENA,coingecko,11,
2026-10-01 00:52,PRL,coingecko,13,
2026-10-01 00:52,SOL,coingecko,14,
2026-10-01 00:52,SUI,coingecko,15,
2026-10-01 00:57,CASHCAT,geckoterminal_5m,7,
2026-10-01 00:57,PONS,geckoterminal_5m,8,
2026-10-01 00:57,ELON,geckoterminal_5m,10,
2026-10-01 00:57,PONS,geckoterminal_5m,11,
2026-10-01 00:57,CASHCAT,geckoterminal_1h,8,
2026-10-01 00:57,STONK,geckoterminal_1h,9,
2026-10-01 00:57,PONS,geckoterminal_1h,13,
2026-10-01 00:57,SC,dexscreener,13,
2026-10-01 00:57,TRUMP,dexscreener,17,
2026-10-01 01:07,TRUMP,dexscreener,3,
2026-10-01 01:07,AERO,geckoterminal_5m,20,
2026-10-01 01:07,ELON,geckoterminal_1h,7,
2026-10-01 01:07,PONS,geckoterminal_1h,10,
2026-10-01 01:07,STONK,geckoterminal_1h,13,
2026-10-01 01:07,TRUMP,coingecko,2,
2026-10-01 01:07,MON,coingecko,3,
2026-10-01 01:07,QNT,coingecko,4,
2026-10-01 01:07,NEAR,coingecko,5,
2026-10-01 01:07,PENGU,coingecko,9,
2026-10-01 01:07,BTC,coingecko,10,
2026-10-01 01:07,SUI,coingecko,11,
2026-10-01 01:07,PRL,coingecko,12,
2026-10-01 01:07,PONS,coingecko,13,
2026-10-01 01:07,ETH,coingecko,14,
2026-10-01 01:07,ENA,coingecko,15,
2026-10-01 01:12,TRUMP,dexscreener,11,
2026-10-01 01:17,SC,dexscreener,12,
2026-10-01 01:17,TRUMP,dexscreener,16,
2026-10-01 01:17,STONK,geckoterminal_5m,12,
2026-10-01 01:17,ELON,geckoterminal_1h,4,
2026-10-01 01:17,PONS,geckoterminal_1h,7,
2026-10-01 01:17,STONK,geckoterminal_1h,11,
2026-10-01 01:17,CASHCAT,geckoterminal_1h,20,
2026-10-01 01:22,SC,dexscreener,2,
2026-10-01 01:22,TRUMP,dexscreener,6,
2026-10-01 01:22,TRUMP,coingecko,2,
2026-10-01 01:22,MON,coingecko,4,
2026-10-01 01:22,NEAR,coingecko,5,
2026-10-01 01:22,QNT,coingecko,6,
2026-10-01 01:22,PENGU,coingecko,8,
2026-10-01 01:22,PONS,coingecko,10,
2026-10-01 01:22,SUI,coingecko,11,
2026-10-01 01:22,PRL,coingecko,13,
2026-10-01 01:22,MOVR,coingecko,15,
2026-10-01 01:27,CASHCAT,geckoterminal_5m,3,
2026-10-01 01:27,PONS,geckoterminal_5m,8,
2026-10-01 01:27,CASHCAT,geckoterminal_5m,10,
2026-10-01 01:27,SOL,geckoterminal_5m,11,
2026-10-01 01:27,PONS,geckoterminal_5m,13,
2026-10-01 01:27,KMNO,geckoterminal_5m,15,
2026-10-01 01:27,ZRO,geckoterminal_5m,17,
2026-10-01 01:27,SC,dexscreener,2,
2026-10-01 01:27,TRUMP,dexscreener,15,
2026-10-01 01:27,ELON,geckoterminal_1h,4,
2026-10-01 01:27,PONS,geckoterminal_1h,7,
2026-10-01 01:27,STONK,geckoterminal_1h,12,
2026-10-01 01:27,CASHCAT,geckoterminal_1h,16,
2026-10-01 01:32,SC,dexscreener,12,
2026-10-01 01:32,TRUMP,dexscreener,16,
2026-10-01 01:32,SC,dexscreener,18,
2026-10-01 01:37,PONS,geckoterminal_5m,3,
2026-10-01 01:37,PONS,geckoterminal_5m,7,
2026-10-01 01:37,PONS,geckoterminal_5m,8,
2026-10-01 01:37,TRUMP,geckoterminal_5m,9,
2026-10-01 01:37,PONS,geckoterminal_5m,10,
2026-10-01 01:37,PONS,geckoterminal_5m,11,
2026-10-01 01:37,KMNO,geckoterminal_5m,13,
2026-10-01 01:37,OP,geckoterminal_5m,15,
2026-10-01 01:37,PONS,geckoterminal_5m,16,
2026-10-01 01:37,SC,dexscreener,3,
2026-10-01 01:37,TRUMP,dexscreener,7,
2026-10-01 01:37,ELON,geckoterminal_1h,5,
2026-10-01 01:37,PONS,geckoterminal_1h,8,
2026-10-01 01:37,CASHCAT,geckoterminal_1h,11,
2026-10-01 01:37,STONK,geckoterminal_1h,14,
2026-10-01 01:37,TRUMP,coingecko,3,
2026-10-01 01:37,MON,coingecko,4,
2026-10-01 01:37,NEAR,coingecko,5,
2026-10-01 01:37,PENGU,coingecko,7,
2026-10-01 01:37,QNT,coingecko,8,
2026-10-01 01:37,PONS,coingecko,11,
2026-10-01 01:37,PRL,coingecko,12,
2026-10-01 01:37,ONDO,coingecko,13,
2026-10-01 01:37,SUI,coingecko,14,
2026-10-01 01:37,FET,coingecko,15,
2026-10-01 01:42,SC,dexscreener,5,
2026-10-01 01:42,TRUMP,dexscreener,18,
2026-10-01 01:47,ARK,geckoterminal_5m,9,
2026-10-01 01:47,SC,dexscreener,12,
2026-10-01 01:47,TRUMP,dexscreener,16,
2026-10-01 01:47,SC,dexscreener,18,
2026-10-01 01:47,ELON,geckoterminal_1h,5,
2026-10-01 01:47,PONS,geckoterminal_1h,10,
2026-10-01 01:47,CASHCAT,geckoterminal_1h,13,
2026-10-01 01:47,STONK,geckoterminal_1h,19,
2026-10-01 01:52,SC,dexscreener,3,
2026-10-01 01:52,TRUMP,dexscreener,7,
2026-10-01 01:52,TRUMP,coingecko,3,
2026-10-01 01:52,MON,coingecko,4,
2026-10-01 01:52,NEAR,coingecko,5,
2026-10-01 01:52,QNT,coingecko,6,
2026-10-01 01:52,PONS,coingecko,8,
2026-10-01 01:52,PENGU,coingecko,10,
2026-10-01 01:52,PRL,coingecko,11,
2026-10-01 01:52,STONK,coingecko,12,
2026-10-01 01:52,FET,coingecko,14,
2026-10-01 01:52,ONDO,coingecko,15,
2026-10-01 01:57,PONS,geckoterminal_5m,5,
2026-10-01 01:57,SOL,geckoterminal_5m,11,
2026-10-01 01:57,DOGE,geckoterminal_5m,12,
2026-10-01 01:57,ICP,geckoterminal_5m,16,
2026-10-01 01:57,SOL,geckoterminal_5m,18,
2026-10-01 01:57,SC,dexscreener,9,
2026-10-01 01:57,TRUMP,dexscreener,22,
2026-10-01 01:57,ELON,geckoterminal_1h,6,
2026-10-01 01:57,PONS,geckoterminal_1h,10,
2026-10-01 01:57,CASHCAT,geckoterminal_1h,17,
2026-10-01 01:57,STONK,geckoterminal_1h,20,
2026-10-01 02:06,SC,dexscreener,12,
2026-10-01 02:06,TRUMP,dexscreener,16,
2026-10-01 02:06,SC,dexscreener,18,
2026-10-01 02:07,AERO,geckoterminal_5m,9,
2026-10-01 02:07,PONS,geckoterminal_5m,13,
2026-10-01 02:07,CASHCAT,geckoterminal_5m,15,
2026-10-01 02:07,STONK,geckoterminal_1h,10,
2026-10-01 02:07,QNT,geckoterminal_1h,18,
2026-10-01 02:07,TRUMP,coingecko,2,
2026-10-01 02:07,QNT,coingecko,4,
2026-10-01 02:07,NEAR,coingecko,5,
2026-10-01 02:07,MON,coingecko,6,
2026-10-01 02:07,PENGU,coingecko,8,
2026-10-01 02:07,ONDO,coingecko,9,
2026-10-01 02:07,PONS,coingecko,10,
2026-10-01 02:07,AAVE,coingecko,13,
2026-10-01 02:07,PRL,coingecko,14,
2026-10-01 02:07,STONK,coingecko,15,
2026-10-01 02:11,SC,dexscreener,3,
2026-10-01 02:11,TRUMP,dexscreener,7,
2026-10-01 02:16,SC,dexscreener,12,
2026-10-01 02:17,PUMP,geckoterminal_5m,5,
2026-10-01 02:17,PUMP,geckoterminal_5m,7,
2026-10-01 02:17,PONS,geckoterminal_5m,9,
2026-10-01 02:17,PUMP,geckoterminal_5m,10,
2026-10-01 02:17,PUMP,geckoterminal_5m,19,
2026-10-01 02:17,ELON,geckoterminal_1h,8,
2026-10-01 02:17,PONS,geckoterminal_1h,10,
2026-10-01 02:17,CASHCAT,geckoterminal_1h,17,
2026-10-01 02:17,STONK,geckoterminal_1h,18,
2026-10-01 02:17,PONS,geckoterminal_1h,19,
2026-10-01 02:17,ARK,geckoterminal_1h,20,
2026-10-01 02:21,SC,dexscreener,13,
2026-10-01 02:21,TRUMP,dexscreener,17,
2026-10-01 02:21,SC,dexscreener,19,
2026-10-01 02:22,QNT,coingecko,2,
2026-10-01 02:22,TRUMP,coingecko,4,
2026-10-01 02:22,MON,coingecko,5,
2026-10-01 02:22,NEAR,coingecko,6,
2026-10-01 02:22,PENGU,coingecko,8,
2026-10-01 02:22,BTC,coingecko,9,
2026-10-01 02:22,ONDO,coingecko,10,
2026-10-01 02:22,PONS,coingecko,12,
2026-10-01 02:22,PRL,coingecko,13,
2026-10-01 02:22,PUMP,coingecko,14,
2026-10-01 02:22,AAVE,coingecko,15,
2026-10-01 02:26,SC,dexscreener,5,
2026-10-01 02:26,TRUMP,dexscreener,9,
2026-10-01 02:27,PONS,geckoterminal_5m,5,
2026-10-01 02:27,PUMP,geckoterminal_5m,10,
2026-10-01 02:27,XAUT,geckoterminal_5m,17,
2026-10-01 02:27,ELON,geckoterminal_1h,9,
2026-10-01 02:27,PONS,geckoterminal_1h,10,
2026-10-01 02:27,PONS,geckoterminal_1h,16,
2026-10-01 02:27,CASHCAT,geckoterminal_1h,20,
2026-10-01 02:31,DEGEN,dexscreener,6,
2026-10-01 02:31,SC,dexscreener,21,
2026-10-01 02:36,DEGEN,dexscreener,10,
2026-10-01 02:36,SC,dexscreener,14,
2026-10-01 02:36,TRUMP,dexscreener,18,
2026-10-01 02:36,SC,dexscreener,20,
2026-10-01 02:37,TRUMP,geckoterminal_5m,4,
2026-10-01 02:37,TRUMP,geckoterminal_5m,5,
2026-10-01 02:37,DEGEN,geckoterminal_5m,9,
2026-10-01 02:37,ARK,geckoterminal_5m,10,
2026-10-01 02:37,PONS,geckoterminal_5m,13,
2026-10-01 02:37,TRUMP,geckoterminal_5m,18,
2026-10-01 02:37,ELON,geckoterminal_1h,9,
2026-10-01 02:37,PONS,geckoterminal_1h,10,
2026-10-01 02:37,CASHCAT,geckoterminal_1h,15,
2026-10-01 02:37,PONS,geckoterminal_1h,20,
2026-10-01 02:37,QNT,coingecko,2,
2026-10-01 02:37,MON,coingecko,4,
2026-10-01 02:37,TRUMP,coingecko,5,
2026-10-01 02:37,NEAR,coingecko,6,
2026-10-01 02:37,PENGU,coingecko,8,
2026-10-01 02:37,BTC,coingecko,9,
2026-10-01 02:37,SUI,coingecko,12,
2026-10-01 02:37,SOL,coingecko,13,
2026-10-01 02:37,PONS,coingecko,14,
2026-10-01 02:41,DEGEN,dexscreener,4,
2026-10-01 02:41,SC,dexscreener,9,
2026-10-01 02:41,TRUMP,dexscreener,13,
2026-10-01 02:46,DEGEN,dexscreener,11,
2026-10-01 02:47,AERO,geckoterminal_5m,14,
2026-10-01 02:47,PONS,geckoterminal_5m,20,
2026-10-01 02:47,PONS,geckoterminal_1h,12,
2026-10-01 02:47,CASHCAT,geckoterminal_1h,14,
2026-10-01 02:47,PONS,geckoterminal_1h,20,
2026-10-01 02:51,DEGEN,dexscreener,10,
2026-10-01 02:51,SC,dexscreener,14,
2026-10-01 02:51,TRUMP,dexscreener,18,
2026-10-01 02:51,SC,dexscreener,20,
2026-10-01 02:52,MON,coingecko,3,
2026-10-01 02:52,QNT,coingecko,4,
2026-10-01 02:52,PENGU,coingecko,5,
2026-10-01 02:52,TRUMP,coingecko,6,
2026-10-01 02:52,NEAR,coingecko,7,
2026-10-01 02:52,BTC,coingecko,9,
2026-10-01 02:52,HYPE,coingecko,10,
2026-10-01 02:52,SOL,coingecko,12,
2026-10-01 02:52,SUI,coingecko,13,
2026-10-01 02:52,TAO,coingecko,14,
2026-10-01 02:56,DEGEN,dexscreener,4,
2026-10-01 02:56,SC,dexscreener,9,
2026-10-01 02:56,TRUMP,dexscreener,13,
2026-10-01 02:57,PONS,geckoterminal_5m,6,
2026-10-01 02:57,AERO,geckoterminal_5m,10,
2026-10-01 02:57,TRUMP,geckoterminal_5m,12,
2026-10-01 02:57,TRUMP,geckoterminal_5m,13,
2026-10-01 02:57,PONS,geckoterminal_5m,15,
2026-10-01 02:57,PONS,geckoterminal_1h,11,
2026-10-01 02:57,CASHCAT,geckoterminal_1h,15,
2026-10-01 02:57,PONS,geckoterminal_1h,19,
2026-10-01 03:06,DEGEN,dexscreener,19,
2026-10-01 03:07,CASHCAT,geckoterminal_5m,7,
2026-10-01 03:07,CASHCAT,geckoterminal_5m,8,
2026-10-01 03:07,PONS,geckoterminal_5m,9,
2026-10-01 03:07,OP,geckoterminal_5m,13,
2026-10-01 03:07,CASHCAT,geckoterminal_5m,15,
2026-10-01 03:07,WEN,geckoterminal_5m,18,
2026-10-01 03:07,USELESS,geckoterminal_5m,19,
2026-10-01 03:07,PONS,geckoterminal_1h,3,
2026-10-01 03:07,AAVE,geckoterminal_1h,10,
2026-10-01 03:07,MON,coingecko,3,
2026-10-01 03:07,QNT,coingecko,4,
2026-10-01 03:07,PENGU,coingecko,5,
2026-10-01 03:07,NEAR,coingecko,6,
2026-10-01 03:07,BTC,coingecko,7,
2026-10-01 03:07,SOL,coingecko,8,
2026-10-01 03:07,UNI,coingecko,9,
2026-10-01 03:07,TAO,coingecko,10,
2026-10-01 03:07,TRUMP,coingecko,11,
2026-10-01 03:07,SUI,coingecko,12,
2026-10-01 03:07,ONDO,coingecko,13,
2026-10-01 03:07,ZBCN,coingecko,15,
2026-10-01 03:11,DEGEN,dexscreener,9,
2026-10-01 03:11,SC,dexscreener,13,
2026-10-01 03:11,TRUMP,dexscreener,17,
2026-10-01 03:11,SC,dexscreener,19,
2026-10-01 03:16,DEGEN,dexscreener,5,
2026-10-01 03:16,SC,dexscreener,10,
2026-10-01 03:16,TRUMP,dexscreener,14,
2026-10-01 03:17,PONS,geckoterminal_5m,2,
2026-10-01 03:17,PONS,geckoterminal_5m,10,
2026-10-01 03:17,PONS,geckoterminal_5m,17,
2026-10-01 03:17,CASHCAT,geckoterminal_1h,19,
2026-10-01 03:21,DEGEN,dexscreener,21,
2026-10-01 03:22,MON,coingecko,3,
2026-10-01 03:22,QNT,coingecko,4,
2026-10-01 03:22,PENGU,coingecko,5,
2026-10-01 03:22,NEAR,coingecko,6,
2026-10-01 03:22,TRUMP,coingecko,7,
2026-10-01 03:22,SUI,coingecko,8,
2026-10-01 03:22,TAO,coingecko,9,
2026-10-01 03:22,UNI,coingecko,10,
2026-10-01 03:22,ONDO,coingecko,11,
2026-10-01 03:22,SOL,coingecko,12,
2026-10-01 03:22,HYPE,coingecko,15,
2026-10-01 03:26,DEGEN,dexscreener,9,
2026-10-01 03:26,SC,dexscreener,13,
2026-10-01 03:26,TRUMP,dexscreener,17,
2026-10-01 03:26,SC,dexscreener,19,
2026-10-01 03:27,PONS,geckoterminal_5m,12,
2026-10-01 03:27,CASHCAT,geckoterminal_1h,10,
2026-10-01 03:31,DEGEN,dexscreener,7,
2026-10-01 03:31,SC,dexscreener,12,
2026-10-01 03:31,TRUMP,dexscreener,16,
2026-10-01 03:37,KMNO,geckoterminal_5m,11,
2026-10-01 03:37,STONK,geckoterminal_5m,13,
2026-10-01 03:37,AERO,geckoterminal_5m,15,
2026-10-01 03:37,PONS,geckoterminal_5m,16,
2026-10-01 03:37,CASHCAT,geckoterminal_1h,7,
2026-10-01 03:37,QNT,coingecko,2,
2026-10-01 03:37,MON,coingecko,4,
2026-10-01 03:37,NEAR,coingecko,5,
2026-10-01 03:37,PUMP,coingecko,6,
2026-10-01 03:37,ONDO,coingecko,7,
2026-10-01 03:37,TRUMP,coingecko,8,
2026-10-01 03:37,PLUME,coingecko,9,
2026-10-01 03:37,SUI,coingecko,10,
2026-10-01 03:37,TAO,coingecko,11,
2026-10-01 03:37,GRASS,coingecko,12,
2026-10-01 03:37,ADA,coingecko,13,
2026-10-01 03:37,PRL,coingecko,14,
2026-10-01 03:37,PONS,coingecko,15,
2026-10-01 03:41,DEGEN,dexscreener,9,
2026-10-01 03:41,SC,dexscreener,13,
2026-10-01 03:41,TRUMP,dexscreener,17,
2026-10-01 03:41,SC,dexscreener,19,
2026-10-01 03:46,DEGEN,dexscreener,8,
2026-10-01 03:46,SC,dexscreener,13,
2026-10-01 03:46,TRUMP,dexscreener,17,
2026-10-01 03:47,CASHCAT,geckoterminal_5m,9,
2026-10-01 03:47,S,geckoterminal_5m,12,
2026-10-01 03:47,PUMP,geckoterminal_5m,16,
2026-10-01 03:47,ARK,geckoterminal_5m,19,
2026-10-01 03:47,CASHCAT,geckoterminal_5m,20,
2026-10-01 03:47,CASHCAT,geckoterminal_1h,9,
2026-10-01 03:52,MON,coingecko,2,
2026-10-01 03:52,QNT,coingecko,3,
2026-10-01 03:52,NEAR,coingecko,5,
2026-10-01 03:52,PENGU,coingecko,6,
2026-10-01 03:52,PUMP,coingecko,8,
2026-10-01 03:52,SUI,coingecko,9,
2026-10-01 03:52,ONDO,coingecko,10,
2026-10-01 03:52,PLUME,coingecko,11,
2026-10-01 03:52,UNI,coingecko,12,
2026-10-01 03:52,ENA,coingecko,13,
2026-10-01 03:52,TRUMP,coingecko,14,
2026-10-01 03:52,ZBCN,coingecko,15,
2026-10-01 03:56,DEGEN,dexscreener,8,
2026-10-01 03:56,SC,dexscreener,12,
2026-10-01 03:56,TRUMP,dexscreener,16,
2026-10-01 03:56,SC,dexscreener,18,
2026-10-01 03:57,S,geckoterminal_5m,10,
2026-10-01 03:57,ARB,geckoterminal_5m,11,
2026-10-01 03:57,PONS,geckoterminal_5m,13,
2026-10-01 03:57,SOL,geckoterminal_5m,20,
2026-10-01 03:57,CASHCAT,geckoterminal_1h,7,
2026-10-01 04:06,MON,coingecko,2,
2026-10-01 04:06,QNT,coingecko,3,
2026-10-01 04:06,NEAR,coingecko,5,
2026-10-01 04:06,PENGU,coingecko,6,
2026-10-01 04:06,PUMP,coingecko,8,
2026-10-01 04:06,PLUME,coingecko,9,
2026-10-01 04:06,ONDO,coingecko,10,
2026-10-01 04:06,ENA,coingecko,11,
2026-10-01 04:06,SUI,coingecko,12,
2026-10-01 04:06,MOVR,coingecko,13,
2026-10-01 04:06,PRL,coingecko,14,
2026-10-01 04:06,RAY,coingecko,15,
2026-10-01 04:06,DEGEN,dexscreener,7,
2026-10-01 04:06,SC,dexscreener,12,
2026-10-01 04:06,TRUMP,dexscreener,16,
2026-10-01 04:06,SC,dexscreener,18,
2026-10-01 04:06,S,geckoterminal_5m,14,
2026-10-01 04:06,PONS,geckoterminal_5m,16,
2026-10-01 04:06,VVV,geckoterminal_1h,13,
2026-10-01 04:06,PENGU,geckoterminal_1h,18,
2026-10-01 04:11,DEGEN,dexscreener,9,
2026-10-01 04:11,SC,dexscreener,14,
2026-10-01 04:11,TRUMP,dexscreener,18,
2026-10-01 04:16,ARK,geckoterminal_5m,7,
2026-10-01 04:16,S,geckoterminal_5m,13,
2026-10-01 04:16,PONS,geckoterminal_5m,19,
2026-10-01 04:16,ENA,geckoterminal_1h,6,
2026-10-01 04:16,CASHCAT,geckoterminal_1h,8,
2026-10-01 04:16,PONS,geckoterminal_1h,14,
2026-10-01 04:21,MON,coingecko,1,
2026-10-01 04:21,QNT,coingecko,3,
2026-10-01 04:21,NEAR,coingecko,5,
2026-10-01 04:21,PENGU,coingecko,7,
2026-10-01 04:21,PUMP,coingecko,8,
2026-10-01 04:21,PLUME,coingecko,9,
2026-10-01 04:21,STONK,coingecko,10,
2026-10-01 04:21,PONS,coingecko,11,
2026-10-01 04:21,ENA,coingecko,12,
2026-10-01 04:21,ONDO,coingecko,13,
2026-10-01 04:21,DOGE,coingecko,15,
2026-10-01 04:21,DEGEN,dexscreener,7,
2026-10-01 04:21,SC,dexscreener,12,
2026-10-01 04:21,TRUMP,dexscreener,16,
2026-10-01 04:21,SC,dexscreener,18,
2026-10-01 04:26,ARK,geckoterminal_5m,7,
2026-10-01 04:26,S,geckoterminal_5m,13,
2026-10-01 04:26,PONS,geckoterminal_5m,19,
2026-10-01 04:26,CASHCAT,geckoterminal_1h,12,
2026-10-01 04:26,PONS,geckoterminal_1h,16,
2026-10-01 04:26,DEGEN,dexscreener,9,
2026-10-01 04:26,SC,dexscreener,14,
2026-10-01 04:26,TRUMP,dexscreener,18,
2026-10-01 04:36,MON,coingecko,1,
2026-10-01 04:36,NEAR,coingecko,3,
2026-10-01 04:36,QNT,coingecko,4,
2026-10-01 04:36,PENGU,coingecko,7,
2026-10-01 04:36,ONDO,coingecko,8,
2026-10-01 04:36,ENA,coingecko,9,
2026-10-01 04:36,PUMP,coingecko,10,
2026-10-01 04:36,STONK,coingecko,11,
2026-10-01 04:36,ZRO,coingecko,12,
2026-10-01 04:36,PONS,coingecko,15,
2026-10-01 04:36,PONS,geckoterminal_5m,12,
2026-10-01 04:36,ARK,geckoterminal_5m,14,
2026-10-01 04:36,S,geckoterminal_5m,17,
2026-10-01 04:36,CASHCAT,geckoterminal_1h,11,
2026-10-01 04:36,DEGEN,dexscreener,7,
2026-10-01 04:36,SC,dexscreener,12,
2026-10-01 04:36,TRUMP,dexscreener,16,
2026-10-01 04:36,SC,dexscreener,18,
2026-10-01 04:41,DEGEN,dexscreener,10,
2026-10-01 04:41,SC,dexscreener,15,
2026-10-01 04:41,TRUMP,dexscreener,19,
2026-10-01 04:46,ARK,geckoterminal_5m,12,
2026-10-01 04:46,PONS,geckoterminal_5m,13,
2026-10-01 04:46,CASHCAT,geckoterminal_1h,17,
2026-10-01 04:51,MON,coingecko,1,
2026-10-01 04:51,QNT,coingecko,3,
2026-10-01 04:51,NEAR,coingecko,4,
2026-10-01 04:51,ONDO,coingecko,6,
2026-10-01 04:51,PUMP,coingecko,7,
2026-10-01 04:51,PENGU,coingecko,8,
2026-10-01 04:51,PONS,coingecko,10,
2026-10-01 04:51,SUI,coingecko,12,
2026-10-01 04:51,ZRO,coingecko,14,
2026-10-01 04:51,DEGEN,dexscreener,6,
2026-10-01 04:51,SC,dexscreener,11,
2026-10-01 04:51,TRUMP,dexscreener,14,
2026-10-01 04:51,SC,dexscreener,16,
2026-10-01 04:56,PONS,geckoterminal_5m,8,
2026-10-01 04:56,PONS,geckoterminal_5m,10,
2026-10-01 04:56,ARK,geckoterminal_5m,17,
2026-10-01 04:56,VVV,geckoterminal_5m,18,
2026-10-01 04:56,CASHCAT,geckoterminal_1h,20,
2026-10-01 04:56,DEGEN,dexscreener,11,
2026-10-01 04:56,SC,dexscreener,16,
2026-10-01 04:56,TRUMP,dexscreener,20,
2026-10-01 05:06,MON,coingecko,1,
2026-10-01 05:06,NEAR,coingecko,3,
2026-10-01 05:06,QNT,coingecko,4,
2026-10-01 05:06,ONDO,coingecko,6,
2026-10-01 05:06,PUMP,coingecko,7,
2026-10-01 05:06,PENGU,coingecko,8,
2026-10-01 05:06,PONS,coingecko,10,
2026-10-01 05:06,SUI,coingecko,12,
2026-10-01 05:06,BTC,coingecko,13,
2026-10-01 05:06,ENA,coingecko,14,
2026-10-01 05:06,TAO,coingecko,15,
2026-10-01 05:06,PONS,geckoterminal_5m,6,
2026-10-01 05:06,PONS,geckoterminal_5m,9,
2026-10-01 05:06,PONS,geckoterminal_5m,10,
2026-10-01 05:06,ARK,geckoterminal_5m,13,
2026-10-01 05:06,STONK,geckoterminal_5m,18,
2026-10-01 05:06,PONS,geckoterminal_1h,11,
2026-10-01 05:06,ARK,geckoterminal_1h,18,
2026-10-01 05:10,DEGEN,dexscreener,6,
2026-10-01 05:10,SC,dexscreener,11,
2026-10-01 05:10,TRUMP,dexscreener,13,
2026-10-01 05:10,SC,dexscreener,15,
2026-10-01 05:15,DEGEN,dexscreener,12,
2026-10-01 05:15,SC,dexscreener,17,
2026-10-01 05:15,TRUMP,dexscreener,21,
2026-10-01 05:16,HYPE,geckoterminal_5m,6,
2026-10-01 05:16,AERO,geckoterminal_5m,8,
2026-10-01 05:16,ARK,geckoterminal_5m,11,
2026-10-01 05:16,AERO,geckoterminal_5m,16,
2026-10-01 05:16,AERO,geckoterminal_5m,20,
2026-10-01 05:16,PONS,geckoterminal_1h,11,
2026-10-01 05:16,ARK,geckoterminal_1h,19,
2026-10-01 05:21,MON,coingecko,2,
2026-10-01 05:21,QNT,coingecko,3,
2026-10-01 05:21,NEAR,coingecko,4,
2026-10-01 05:21,PENGU,coingecko,5,
2026-10-01 05:21,ONDO,coingecko,6,
2026-10-01 05:21,BTC,coingecko,7,
2026-10-01 05:21,SUI,coingecko,11,
2026-10-01 05:21,TAO,coingecko,12,
2026-10-01 05:21,SOL,coingecko,13,
2026-10-01 05:21,INJ,coingecko,14,
2026-10-01 05:21,GRAM,coingecko,15,
2026-10-01 05:26,DEGEN,dexscreener,6,
2026-10-01 05:26,SC,dexscreener,11,
2026-10-01 05:26,TRUMP,dexscreener,13,
2026-10-01 05:26,SC,dexscreener,15,
2026-10-01 05:27,QNT,coingecko,2,
2026-10-01 05:27,MON,coingecko,4,
2026-10-01 05:27,NEAR,coingecko,5,
2026-10-01 05:27,PENGU,coingecko,6,
2026-10-01 05:27,BTC,coingecko,7,
2026-10-01 05:27,ONDO,coingecko,8,
2026-10-01 05:27,MOVR,coingecko,10,
2026-10-01 05:27,SOL,coingecko,11,
2026-10-01 05:27,PUMP,coingecko,13,
2026-10-01 05:27,SUI,coingecko,14,
2026-10-01 05:27,GRAM,coingecko,15,
2026-10-01 05:27,DEGEN,dexscreener,6,
2026-10-01 05:27,SC,dexscreener,11,
2026-10-01 05:27,TRUMP,dexscreener,13,
2026-10-01 05:27,SC,dexscreener,15,
2026-10-01 05:27,MON,geckoterminal_5m,6,
2026-10-01 05:27,HYPE,geckoterminal_5m,7,
2026-10-01 05:27,PONS,geckoterminal_5m,8,
2026-10-01 05:27,DOGE,geckoterminal_5m,11,
2026-10-01 05:27,PONS,geckoterminal_5m,15,
2026-10-01 05:27,PONS,geckoterminal_5m,17,
2026-10-01 05:27,AERO,geckoterminal_5m,19,
2026-10-01 05:27,PONS,geckoterminal_1h,13,
2026-10-01 05:32,DEGEN,dexscreener,14,
2026-10-01 05:32,SC,dexscreener,19,
2026-10-01 05:37,ELON,geckoterminal_5m,5,
2026-10-01 05:37,AERO,geckoterminal_5m,7,
2026-10-01 05:37,VVV,geckoterminal_5m,20,
2026-10-01 05:37,PONS,geckoterminal_1h,13,
2026-10-01 05:42,QNT,coingecko,3,
2026-10-01 05:42,NEAR,coingecko,4,
2026-10-01 05:42,MON,coingecko,5,
2026-10-01 05:42,PENGU,coingecko,6,
2026-10-01 05:42,BTC,coingecko,7,
2026-10-01 05:42,ONDO,coingecko,8,
2026-10-01 05:42,MOVR,coingecko,10,
2026-10-01 05:42,SOL,coingecko,11,
2026-10-01 05:42,GRAM,coingecko,12,
2026-10-01 05:42,PRL,coingecko,13,
2026-10-01 05:42,INJ,coingecko,14,
2026-10-01 05:42,SUI,coingecko,15,
2026-10-01 05:42,DEGEN,dexscreener,7,
2026-10-01 05:42,SC,dexscreener,12,
2026-10-01 05:42,TRUMP,dexscreener,14,
2026-10-01 05:42,SC,dexscreener,16,
2026-10-01 05:47,CASHCAT,geckoterminal_5m,10,
2026-10-01 05:47,PONS,geckoterminal_5m,11,
2026-10-01 05:47,PONS,geckoterminal_5m,13,
2026-10-01 05:47,ELON,geckoterminal_5m,14,
2026-10-01 05:47,PONS,geckoterminal_5m,15,
2026-10-01 05:47,PONS,geckoterminal_5m,16,
2026-10-01 05:47,PONS,geckoterminal_5m,19,
2026-10-01 05:47,AERO,geckoterminal_5m,20,
2026-10-01 05:47,PONS,geckoterminal_1h,15,
2026-10-01 05:47,DEGEN,dexscreener,15,
2026-10-01 05:47,SC,dexscreener,20,
2026-10-01 05:57,MON,coingecko,3,
2026-10-01 05:57,NEAR,coingecko,4,
2026-10-01 05:57,QNT,coingecko,5,
2026-10-01 05:57,PENGU,coingecko,6,
2026-10-01 05:57,ONDO,coingecko,7,
2026-10-01 05:57,MOVR,coingecko,8,
2026-10-01 05:57,SOL,coingecko,9,
2026-10-01 05:57,BTC,coingecko,10,
2026-10-01 05:57,GRAM,coingecko,11,
2026-10-01 05:57,PUMP,coingecko,12,
2026-10-01 05:57,PRL,coingecko,14,
2026-10-01 05:57,STONK,coingecko,15,
2026-10-01 05:57,PUMP,geckoterminal_5m,3,
2026-10-01 05:57,PONS,geckoterminal_5m,9,
2026-10-01 05:57,PONS,geckoterminal_5m,10,
2026-10-01 05:57,CASHCAT,geckoterminal_5m,13,
2026-10-01 05:57,PONS,geckoterminal_1h,18,
2026-10-01 05:57,DEGEN,dexscreener,7,
2026-10-01 05:57,SC,dexscreener,12,
2026-10-01 05:57,TRUMP,dexscreener,14,
2026-10-01 05:57,SC,dexscreener,16,
2026-10-01 06:06,DEGEN,dexscreener,16,
2026-10-01 06:06,SC,dexscreener,21,
2026-10-01 06:07,CAP,geckoterminal_5m,12,
2026-10-01 06:07,ARK,geckoterminal_5m,13,
2026-10-01 06:07,AERO,geckoterminal_1h,10,
2026-10-01 06:07,VVV,geckoterminal_1h,11,
2026-10-01 06:07,PUMP,geckoterminal_1h,18,
2026-10-01 06:12,MON,coingecko,2,
2026-10-01 06:12,QNT,coingecko,4,
2026-10-01 06:12,NEAR,coingecko,5,
2026-10-01 06:12,ONDO,coingecko,6,
2026-10-01 06:12,MOVR,coingecko,7,
2026-10-01 06:12,SOL,coingecko,8,
2026-10-01 06:12,BTC,coingecko,9,
2026-10-01 06:12,PRL,coingecko,11,
2026-10-01 06:12,AERO,coingecko,12,
2026-10-01 06:12,GRAM,coingecko,13,
2026-10-01 06:12,ETH,coingecko,14,
2026-10-01 06:12,PENGU,coingecko,15,
2026-10-01 06:16,DEGEN,dexscreener,7,
2026-10-01 06:16,SC,dexscreener,12,
2026-10-01 06:16,TRUMP,dexscreener,14,
2026-10-01 06:16,SC,dexscreener,16,
2026-10-01 06:17,CASHCAT,geckoterminal_5m,11,
2026-10-01 06:17,CAP,geckoterminal_5m,15,
2026-10-01 06:17,PONS,geckoterminal_5m,16,
2026-10-01 06:17,PONS,geckoterminal_5m,18,
2026-10-01 06:17,CASHCAT,geckoterminal_1h,12,
2026-10-01 06:17,PONS,geckoterminal_1h,17,
2026-10-01 06:21,DEGEN,dexscreener,16,
2026-10-01 06:21,SC,dexscreener,21,
2026-10-01 06:27,MON,coingecko,2,
2026-10-01 06:27,NEAR,coingecko,3,
2026-10-01 06:27,QNT,coingecko,4,
2026-10-01 06:27,PENGU,coingecko,6,
2026-10-01 06:27,MOVR,coingecko,7,
2026-10-01 06:27,ONDO,coingecko,8,
2026-10-01 06:27,ETH,coingecko,9,
2026-10-01 06:27,ZRO,coingecko,10,
2026-10-01 06:27,SOL,coingecko,12,
2026-10-01 06:27,PRL,coingecko,13,
2026-10-01 06:27,FET,coingecko,15,
2026-10-01 06:27,AERO,geckoterminal_5m,9,
2026-10-01 06:27,AERO,geckoterminal_5m,12,
2026-10-01 06:27,VVV,geckoterminal_5m,17,
2026-10-01 06:27,CASHCAT,geckoterminal_1h,14,
2026-10-01 06:31,DEGEN,dexscreener,7,
2026-10-01 06:31,SC,dexscreener,12,
2026-10-01 06:31,TRUMP,dexscreener,14,
2026-10-01 06:31,SC,dexscreener,16,
2026-10-01 06:36,DEGEN,dexscreener,17,
2026-10-01 06:36,SC,dexscreener,22,
2026-10-01 06:37,PONS,geckoterminal_5m,5,
2026-10-01 06:37,AERO,geckoterminal_5m,9,
2026-10-01 06:37,AERO,geckoterminal_5m,13,
2026-10-01 06:37,AERO,geckoterminal_5m,15,
2026-10-01 06:37,ARK,geckoterminal_5m,16,
2026-10-01 06:37,CASHCAT,geckoterminal_1h,8,
2026-10-01 06:41,ELON,dexscreener,4,
2026-10-01 06:42,MON,coingecko,1,
2026-10-01 06:42,NEAR,coingecko,2,
2026-10-01 06:42,QNT,coingecko,3,
2026-10-01 06:42,PENGU,coingecko,6,
2026-10-01 06:42,MOVR,coingecko,7,
2026-10-01 06:42,BTC,coingecko,8,
2026-10-01 06:42,ONDO,coingecko,9,
2026-10-01 06:42,ETH,coingecko,10,
2026-10-01 06:42,ZRO,coingecko,13,
2026-10-01 06:42,SEI,coingecko,14,
2026-10-01 06:46,DEGEN,dexscreener,7,
2026-10-01 06:46,SC,dexscreener,12,
2026-10-01 06:46,TRUMP,dexscreener,14,
2026-10-01 06:46,SC,dexscreener,15,
2026-10-01 06:47,ELON,geckoterminal_5m,9,
2026-10-01 06:47,ARK,geckoterminal_5m,10,
2026-10-01 06:47,ELON,geckoterminal_5m,20,
2026-10-01 06:51,DEGEN,dexscreener,18,
2026-10-01 06:56,ELON,dexscreener,8,
2026-10-01 06:57,MON,coingecko,2,
2026-10-01 06:57,NEAR,coingecko,3,
2026-10-01 06:57,MOVR,coingecko,4,
2026-10-01 06:57,QNT,coingecko,5,
2026-10-01 06:57,PENGU,coingecko,7,
2026-10-01 06:57,BTC,coingecko,8,
2026-10-01 06:57,ETH,coingecko,9,
2026-10-01 06:57,ONDO,coingecko,11,
2026-10-01 06:57,PONS,coingecko,14,
2026-10-01 06:57,ZRO,coingecko,15,
2026-10-01 06:57,PONS,geckoterminal_5m,5,
2026-10-01 06:57,ARK,geckoterminal_5m,7,
2026-10-01 06:57,PONS,geckoterminal_5m,10,
2026-10-01 06:57,PONS,geckoterminal_5m,20,
2026-10-01 07:06,DEGEN,dexscreener,7,
2026-10-01 07:06,SC,dexscreener,12,
2026-10-01 07:06,TRUMP,dexscreener,15,
2026-10-01 07:06,SC,dexscreener,16,
2026-10-01 07:06,PEAQ,geckoterminal_1h,8,
2026-10-01 07:06,AXS,geckoterminal_1h,10,
2026-10-01 07:06,BASECAT,geckoterminal_1h,18,
2026-10-01 07:07,PONS,geckoterminal_5m,6,
2026-10-01 07:07,PONS,geckoterminal_5m,8,
2026-10-01 07:07,CASHCAT,geckoterminal_5m,11,
2026-10-01 07:07,PONS,geckoterminal_5m,14,
2026-10-01 07:07,ARK,geckoterminal_5m,15,
2026-10-01 07:07,AERO,geckoterminal_5m,17,
2026-10-01 07:11,DEGEN,dexscreener,19,
2026-10-01 07:12,MON,coingecko,2,
2026-10-01 07:12,NEAR,coingecko,3,
2026-10-01 07:12,MOVR,coingecko,4,
2026-10-01 07:12,QNT,coingecko,5,
2026-10-01 07:12,PENGU,coingecko,6,
2026-10-01 07:12,BTC,coingecko,8,
2026-10-01 07:12,STX,coingecko,10,
2026-10-01 07:12,ETH,coingecko,11,
2026-10-01 07:12,PRL,coingecko,12,
2026-10-01 07:12,PONS,coingecko,13,
2026-10-01 07:12,SEI,coingecko,14,
2026-10-01 07:16,ELON,dexscreener,11,
2026-10-01 07:16,CASHCAT,geckoterminal_1h,7,
2026-10-01 07:16,PONS,geckoterminal_1h,17,
2026-10-01 07:16,PONS,geckoterminal_1h,18,
2026-10-01 07:17,RAY,geckoterminal_5m,7,
2026-10-01 07:17,CASHCAT,geckoterminal_5m,12,
2026-10-01 07:17,CASHCAT,geckoterminal_5m,18,
2026-10-01 07:21,DEGEN,dexscreener,7,
2026-10-01 07:21,SC,dexscreener,12,
2026-10-01 07:21,TRUMP,dexscreener,15,
2026-10-01 07:21,SC,dexscreener,16,
2026-10-01 07:26,DEGEN,dexscreener,19,
2026-10-01 07:26,CASHCAT,geckoterminal_1h,8,
2026-10-01 07:26,PONS,geckoterminal_1h,17,
2026-10-01 07:26,PONS,geckoterminal_1h,19,
2026-10-01 07:27,MON,coingecko,2,
2026-10-01 07:27,NEAR,coingecko,3,
2026-10-01 07:27,MOVR,coingecko,4,
2026-10-01 07:27,QNT,coingecko,5,
2026-10-01 07:27,STX,coingecko,6,
2026-10-01 07:27,PENGU,coingecko,8,
2026-10-01 07:27,PRL,coingecko,9,
2026-10-01 07:27,BTC,coingecko,10,
2026-10-01 07:27,ETH,coingecko,12,
2026-10-01 07:27,HYPE,coingecko,13,
2026-10-01 07:27,SOL,coingecko,14,
2026-10-01 07:27,PONS,geckoterminal_5m,5,
2026-10-01 07:27,ARK,geckoterminal_5m,6,
2026-10-01 07:27,PONS,geckoterminal_5m,9,
2026-10-01 07:27,CASHCAT,geckoterminal_5m,10,
2026-10-01 07:27,PONS,geckoterminal_5m,16,
2026-10-01 07:27,RAY,geckoterminal_5m,18,
2026-10-01 07:27,KMNO,geckoterminal_5m,19,
2026-10-01 07:27,TRUMP,geckoterminal_5m,20,
2026-10-01 07:31,ELON,dexscreener,15,
2026-10-01 07:36,CASHCAT,geckoterminal_1h,8,
2026-10-01 07:36,PONS,geckoterminal_1h,18,
2026-10-01 07:36,DEGEN,dexscreener,7,
2026-10-01 07:36,SC,dexscreener,12,
2026-10-01 07:36,TRUMP,dexscreener,15,
2026-10-01 07:36,SC,dexscreener,16,
2026-10-01 07:37,PONS,geckoterminal_5m,7,
2026-10-01 07:37,DEGEN,geckoterminal_5m,8,
2026-10-01 07:37,SEI,geckoterminal_5m,10,
2026-10-01 07:37,ARK,geckoterminal_5m,11,
2026-10-01 07:37,PONS,geckoterminal_5m,12,
2026-10-01 07:37,PENGU,geckoterminal_5m,15,
2026-10-01 07:41,DEGEN,dexscreener,19,
2026-10-01 07:42,MOVR,coingecko,2,
2026-10-01 07:42,NEAR,coingecko,3,
2026-10-01 07:42,MON,coingecko,4,
2026-10-01 07:42,QNT,coingecko,5,
2026-10-01 07:42,PENGU,coingecko,6,
2026-10-01 07:42,STX,coingecko,8,
2026-10-01 07:42,BTC,coingecko,9,
2026-10-01 07:42,PRL,coingecko,10,
2026-10-01 07:42,SUI,coingecko,11,
2026-10-01 07:42,SOL,coingecko,12,
2026-10-01 07:42,INJ,coingecko,13,
2026-10-01 07:42,PONS,coingecko,14,
2026-10-01 07:42,ADA,coingecko,15,
2026-10-01 07:46,CASHCAT,geckoterminal_1h,8,
2026-10-01 07:46,PONS,geckoterminal_1h,19,
2026-10-01 07:46,ELON,dexscreener,18,
2026-10-01 07:47,PONS,geckoterminal_5m,4,
2026-10-01 07:47,PONS,geckoterminal_5m,10,
2026-10-01 07:47,ARK,geckoterminal_5m,11,
2026-10-01 07:47,AERO,geckoterminal_5m,13,
2026-10-01 07:47,SEI,geckoterminal_5m,20,
2026-10-01 07:51,DEGEN,dexscreener,7,
2026-10-01 07:51,SC,dexscreener,12,
2026-10-01 07:51,TRUMP,dexscreener,15,
2026-10-01 07:51,SC,dexscreener,16,
2026-10-01 07:56,CASHCAT,geckoterminal_1h,7,
2026-10-01 07:56,PONS,geckoterminal_1h,17,
2026-10-01 07:56,DEGEN,dexscreener,19,
2026-10-01 07:57,NEAR,coingecko,2,
2026-10-01 07:57,QNT,coingecko,3,
2026-10-01 07:57,MOVR,coingecko,4,
2026-10-01 07:57,MON,coingecko,5,
2026-10-01 07:57,STX,coingecko,7,
2026-10-01 07:57,PENGU,coingecko,8,
2026-10-01 07:57,SUI,coingecko,9,
2026-10-01 07:57,PUMP,coingecko,10,
2026-10-01 07:57,PRL,coingecko,11,
2026-10-01 07:57,BTC,coingecko,12,
2026-10-01 07:57,SOL,coingecko,13,
2026-10-01 07:57,HYPE,coingecko,14,
2026-10-01 07:57,INJ,coingecko,15,
2026-10-01 07:57,PONS,geckoterminal_5m,12,
2026-10-01 07:57,ARK,geckoterminal_5m,13,
2026-10-01 08:35,QNT,coingecko,1,
2026-10-01 08:35,MOVR,coingecko,2,
2026-10-01 08:35,NEAR,coingecko,4,
2026-10-01 08:35,PENGU,coingecko,6,
2026-10-01 08:35,MON,coingecko,7,
2026-10-01 08:35,BTC,coingecko,8,
2026-10-01 08:35,XRP,coingecko,9,
2026-10-01 08:35,PUMP,coingecko,10,
2026-10-01 08:35,SUI,coingecko,11,
2026-10-01 08:35,UNI,coingecko,12,
2026-10-01 08:35,STX,coingecko,13,
2026-10-01 08:35,HYPE,coingecko,14,
2026-10-01 08:35,STONK,coingecko,15,
2026-10-01 08:35,DEGEN,dexscreener,7,
2026-10-01 08:35,SC,dexscreener,12,
2026-10-01 08:35,TRUMP,dexscreener,15,
2026-10-01 08:35,SC,dexscreener,16,
2026-10-01 08:35,AERO,geckoterminal_5m,7,
2026-10-01 08:35,XAUT,geckoterminal_5m,12,
2026-10-01 08:35,PONS,geckoterminal_5m,13,
2026-10-01 08:35,CASHCAT,geckoterminal_1h,13,
2026-10-01 08:35,PONS,geckoterminal_1h,19,
2026-10-01 08:40,DEGEN,dexscreener,19,
2026-10-01 08:45,XAUT,geckoterminal_5m,7,
2026-10-01 08:45,AERO,geckoterminal_5m,11,
2026-10-01 08:45,KMNO,geckoterminal_5m,19,
2026-10-01 08:45,CASHCAT,geckoterminal_1h,14,
2026-10-01 08:45,AERO,geckoterminal_1h,19,
2026-10-01 08:50,QNT,coingecko,2,
2026-10-01 08:50,NEAR,coingecko,3,
2026-10-01 08:50,MOVR,coingecko,4,
2026-10-01 08:50,MON,coingecko,5,
2026-10-01 08:50,PENGU,coingecko,6,
2026-10-01 08:50,XRP,coingecko,8,
2026-10-01 08:50,PUMP,coingecko,9,
2026-10-01 08:50,UNI,coingecko,10,
2026-10-01 08:50,BTC,coingecko,11,
2026-10-01 08:50,HYPE,coingecko,12,
2026-10-01 08:50,STX,coingecko,13,
2026-10-01 08:50,STONK,coingecko,14,
2026-10-01 08:50,TAO,coingecko,15,
2026-10-01 08:50,DEGEN,dexscreener,7,
2026-10-01 08:50,SC,dexscreener,12,
2026-10-01 08:50,TRUMP,dexscreener,15,
2026-10-01 08:50,SC,dexscreener,16,
2026-10-01 08:55,PONS,geckoterminal_5m,7,
2026-10-01 08:55,DOGE,geckoterminal_5m,8,
2026-10-01 08:55,XAUT,geckoterminal_5m,11,
2026-10-01 08:55,CASHCAT,geckoterminal_1h,13,
2026-10-01 08:55,AERO,geckoterminal_1h,19,
2026-10-01 08:55,DEGEN,geckoterminal_1h,20,
2026-10-01 08:55,DEGEN,dexscreener,20,
2026-10-01 09:06,QNT,coingecko,1,
2026-10-01 09:06,NEAR,coingecko,3,
2026-10-01 09:06,MOVR,coingecko,4,
2026-10-01 09:06,MON,coingecko,6,
2026-10-01 09:06,PENGU,coingecko,7,
2026-10-01 09:06,BTC,coingecko,8,
2026-10-01 09:06,XRP,coingecko,9,
2026-10-01 09:06,TAO,coingecko,10,
2026-10-01 09:06,PUMP,coingecko,11,
2026-10-01 09:06,STONK,coingecko,13,
2026-10-01 09:06,UNI,coingecko,14,
2026-10-01 09:06,HYPE,coingecko,15,
2026-10-01 09:06,CASHCAT,geckoterminal_5m,7,
2026-10-01 09:06,PONS,geckoterminal_5m,15,
2026-10-01 09:06,PONS,geckoterminal_1h,12,
2026-10-01 09:06,CASHCAT,geckoterminal_1h,16,
2026-10-01 09:06,DEGEN,dexscreener,7,
2026-10-01 09:06,SC,dexscreener,12,
2026-10-01 09:06,TRUMP,dexscreener,15,
2026-10-01 09:06,SC,dexscreener,16,
2026-10-01 09:11,DEGEN,dexscreener,20,
2026-10-01 09:16,PONS,geckoterminal_5m,6,
2026-10-01 09:16,CASHCAT,geckoterminal_5m,8,
2026-10-01 09:16,CASHCAT,geckoterminal_5m,12,
2026-10-01 09:16,PONS,geckoterminal_5m,14,
2026-10-01 09:16,PONS,geckoterminal_5m,16,
2026-10-01 09:16,XAUT,geckoterminal_5m,19,
2026-10-01 09:16,CASHCAT,geckoterminal_1h,12,
2026-10-01 09:16,PONS,geckoterminal_1h,18,
2026-10-01 09:21,QNT,coingecko,1,
2026-10-01 09:21,NEAR,coingecko,2,
2026-10-01 09:21,MON,coingecko,4,
2026-10-01 09:21,MOVR,coingecko,5,
2026-10-01 09:21,PENGU,coingecko,7,
2026-10-01 09:21,PUMP,coingecko,8,
2026-10-01 09:21,PRL,coingecko,9,
2026-10-01 09:21,HYPE,coingecko,10,
2026-10-01 09:21,TAO,coingecko,11,
2026-10-01 09:21,ARB,coingecko,13,
2026-10-01 09:21,STONK,coingecko,14,
2026-10-01 09:21,ETH,coingecko,15,
2026-10-01 09:21,DEGEN,dexscreener,7,
2026-10-01 09:21,SC,dexscreener,12,
2026-10-01 09:21,TRUMP,dexscreener,14,
2026-10-01 09:21,SC,dexscreener,16,
2026-10-01 09:26,PONS,geckoterminal_5m,8,
2026-10-01 09:26,PONS,geckoterminal_5m,12,
2026-10-01 09:26,PONS,geckoterminal_5m,13,
2026-10-01 09:26,CASHCAT,geckoterminal_5m,15,
2026-10-01 09:26,CASHCAT,geckoterminal_5m,16,
2026-10-01 09:26,CASHCAT,geckoterminal_1h,13,
2026-10-01 09:26,PONS,geckoterminal_1h,20,
2026-10-01 09:36,NEAR,coingecko,1,
2026-10-01 09:36,QNT,coingecko,2,
2026-10-01 09:36,MON,coingecko,3,
2026-10-01 09:36,MOVR,coingecko,5,
2026-10-01 09:36,PUMP,coingecko,7,
2026-10-01 09:36,PRL,coingecko,8,
2026-10-01 09:36,ETH,coingecko,9,
2026-10-01 09:36,HYPE,coingecko,10,
2026-10-01 09:36,STONK,coingecko,12,
2026-10-01 09:36,PENGU,coingecko,13,
2026-10-01 09:36,ARB,coingecko,14,
2026-10-01 09:36,XAUT,geckoterminal_5m,9,
2026-10-01 09:36,ARK,geckoterminal_5m,16,
2026-10-01 09:36,CASHCAT,geckoterminal_1h,13,
2026-10-01 09:36,DEGEN,dexscreener,7,
2026-10-01 09:36,SC,dexscreener,12,
2026-10-01 09:36,TRUMP,dexscreener,14,
2026-10-01 09:36,SC,dexscreener,16,
2026-10-01 09:46,KMNO,geckoterminal_5m,8,
2026-10-01 09:46,ARK,geckoterminal_5m,13,
2026-10-01 09:46,PONS,geckoterminal_5m,19,
2026-10-01 09:46,CASHCAT,geckoterminal_1h,14,
2026-10-01 09:46,DOT,geckoterminal_1h,16,
2026-10-01 09:51,NEAR,coingecko,1,
2026-10-01 09:51,QNT,coingecko,2,
2026-10-01 09:51,MOVR,coingecko,4,
2026-10-01 09:51,MON,coingecko,5,
2026-10-01 09:51,PENGU,coingecko,7,
2026-10-01 09:51,PUMP,coingecko,8,
2026-10-01 09:51,PRL,coingecko,10,
2026-10-01 09:51,LINK,coingecko,11,
2026-10-01 09:51,ONDO,coingecko,12,
2026-10-01 09:51,ETH,coingecko,13,
2026-10-01 09:51,STONK,coingecko,15,
2026-10-01 09:51,DEGEN,dexscreener,7,
2026-10-01 09:51,SC,dexscreener,12,
2026-10-01 09:51,TRUMP,dexscreener,14,
2026-10-01 09:51,SC,dexscreener,16,
2026-10-01 09:56,PONS,geckoterminal_5m,9,
2026-10-01 09:56,KMNO,geckoterminal_5m,18,
2026-10-01 09:56,CASHCAT,geckoterminal_1h,14,
2026-10-01 09:56,DOT,geckoterminal_1h,20,
2026-10-01 10:06,NEAR,coingecko,1,
2026-10-01 10:06,QNT,coingecko,2,
2026-10-01 10:06,MOVR,coingecko,3,
2026-10-01 10:06,MON,coingecko,5,
2026-10-01 10:06,TRUMP,coingecko,7,
2026-10-01 10:06,PUMP,coingecko,8,
2026-10-01 10:06,PENGU,coingecko,9,
2026-10-01 10:06,PRL,coingecko,10,
2026-10-01 10:06,LINK,coingecko,11,
2026-10-01 10:06,STONK,coingecko,12,
2026-10-01 10:06,ETH,coingecko,13,
2026-10-01 10:06,AVAX,coingecko,15,
2026-10-01 10:06,PONS,geckoterminal_5m,6,
2026-10-01 10:06,CARDS,geckoterminal_5m,7,
2026-10-01 10:06,PONS,geckoterminal_5m,11,
2026-10-01 10:06,KMNO,geckoterminal_5m,13,
2026-10-01 10:06,AERO,geckoterminal_5m,16,
2026-10-01 10:06,PONS,geckoterminal_5m,17,
2026-10-01 10:06,ARB,geckoterminal_5m,19,
2026-10-01 10:06,CASHCAT,geckoterminal_1h,7,
2026-10-01 10:06,BASECAT,geckoterminal_1h,10,
2026-10-01 10:06,PENGU,geckoterminal_1h,14,
2026-10-01 10:11,DEGEN,dexscreener,7,
2026-10-01 10:11,SC,dexscreener,12,
2026-10-01 10:11,TRUMP,dexscreener,14,
2026-10-01 10:11,SC,dexscreener,16,
2026-10-01 10:16,PUMP,geckoterminal_5m,3,
2026-10-01 10:16,FARTCOIN,geckoterminal_5m,8,
2026-10-01 10:16,CASHCAT,geckoterminal_5m,9,
2026-10-01 10:16,CASHCAT,geckoterminal_5m,11,
2026-10-01 10:16,CARDS,geckoterminal_5m,13,
2026-10-01 10:16,PONS,geckoterminal_5m,14,
2026-10-01 10:16,PONS,geckoterminal_5m,16,
2026-10-01 10:16,AERO,geckoterminal_5m,18,
2026-10-01 10:16,PONS,geckoterminal_1h,13,
2026-10-01 10:16,CASHCAT,geckoterminal_1h,14,
2026-10-01 10:16,DOT,geckoterminal_1h,15,
2026-10-01 10:16,PENGU,geckoterminal_1h,18,
2026-10-01 10:16,PONS,geckoterminal_1h,19,
2026-10-01 10:21,QNT,coingecko,1,
2026-10-01 10:21,NEAR,coingecko,2,
2026-10-01 10:21,MOVR,coingecko,3,
2026-10-01 10:21,PENGU,coingecko,5,
2026-10-01 10:21,TRUMP,coingecko,6,
2026-10-01 10:21,MON,coingecko,7,
2026-10-01 10:21,PRL,coingecko,9,
2026-10-01 10:21,SUI,coingecko,10,
2026-10-01 10:21,LINK,coingecko,12,
2026-10-01 10:21,PUMP,coingecko,13,
2026-10-01 10:21,STX,coingecko,15,
2026-10-01 10:26,BASECAT,geckoterminal_5m,6,
2026-10-01 10:26,PONS,geckoterminal_5m,12,
2026-10-01 10:26,DEGEN,dexscreener,7,
2026-10-01 10:26,SC,dexscreener,12,
2026-10-01 10:26,TRUMP,dexscreener,14,
2026-10-01 10:26,SC,dexscreener,16,
2026-10-01 10:26,BASECAT,geckoterminal_1h,9,
2026-10-01 10:26,PONS,geckoterminal_1h,12,
2026-10-01 10:26,CASHCAT,geckoterminal_1h,14,
2026-10-01 10:26,PONS,geckoterminal_1h,17,
2026-10-01 10:26,PENGU,geckoterminal_1h,18,
2026-10-01 10:36,QNT,coingecko,1,
2026-10-01 10:36,MOVR,coingecko,2,
2026-10-01 10:36,NEAR,coingecko,3,
2026-10-01 10:36,MON,coingecko,5,
2026-10-01 10:36,TRUMP,coingecko,7,
2026-10-01 10:36,PENGU,coingecko,8,
2026-10-01 10:36,PRL,coingecko,9,
2026-10-01 10:36,SUI,coingecko,10,
2026-10-01 10:36,LINK,coingecko,12,
2026-10-01 10:36,TAO,coingecko,13,
2026-10-01 10:36,AVAX,coingecko,14,
2026-10-01 10:36,PONS,coingecko,15,
2026-10-01 10:36,PONS,geckoterminal_5m,5,
2026-10-01 10:36,PONS,geckoterminal_5m,7,
2026-10-01 10:36,CASHCAT,geckoterminal_5m,8,
2026-10-01 10:36,PONS,geckoterminal_5m,9,
2026-10-01 10:36,PONS,geckoterminal_5m,12,
2026-10-01 10:36,PONS,geckoterminal_5m,13,
2026-10-01 10:36,PUMP,geckoterminal_5m,14,
2026-10-01 10:36,SOL,geckoterminal_5m,15,
2026-10-01 10:36,AERO,geckoterminal_5m,18,
2026-10-01 10:36,PONS,geckoterminal_1h,9,
2026-10-01 10:36,BASECAT,geckoterminal_1h,13,
2026-10-01 10:36,CASHCAT,geckoterminal_1h,14,
2026-10-01 10:36,PONS,geckoterminal_1h,18,
2026-10-01 10:36,PONS,geckoterminal_1h,19,
2026-10-01 10:41,DEGEN,dexscreener,7,
2026-10-01 10:41,SC,dexscreener,12,
2026-10-01 10:41,TRUMP,dexscreener,14,
2026-10-01 10:41,SC,dexscreener,16,
2026-10-01 10:46,PONS,geckoterminal_5m,8,
2026-10-01 10:46,ONDO,geckoterminal_5m,12,
2026-10-01 10:46,PONS,geckoterminal_5m,15,
2026-10-01 10:46,PONS,geckoterminal_5m,18,
2026-10-01 10:46,BASECAT,geckoterminal_1h,9,
2026-10-01 10:46,PONS,geckoterminal_1h,11,
2026-10-01 10:46,CASHCAT,geckoterminal_1h,12,
2026-10-01 10:46,PONS,geckoterminal_1h,17,
2026-10-01 10:46,PONS,geckoterminal_1h,19,
2026-10-01 10:51,QNT,coingecko,1,
2026-10-01 10:51,NEAR,coingecko,2,
2026-10-01 10:51,MOVR,coingecko,3,
2026-10-01 10:51,MON,coingecko,6,
2026-10-01 10:51,TRUMP,coingecko,7,
2026-10-01 10:51,SUI,coingecko,9,
2026-10-01 10:51,AVAX,coingecko,11,
2026-10-01 10:51,PONS,coingecko,12,
2026-10-01 10:51,PENGU,coingecko,13,
2026-10-01 10:51,PRL,coingecko,15,
2026-10-01 10:56,PONS,geckoterminal_1h,10,
2026-10-01 10:56,BASECAT,geckoterminal_1h,11,
2026-10-01 10:56,CASHCAT,geckoterminal_1h,12,
2026-10-01 10:56,PONS,geckoterminal_1h,15,
2026-10-01 10:56,PONS,geckoterminal_1h,19,
2026-10-01 10:56,DEGEN,dexscreener,7,
2026-10-01 10:56,SC,dexscreener,12,
2026-10-01 10:56,TRUMP,dexscreener,14,
2026-10-01 10:56,SC,dexscreener,16,
2026-10-01 11:06,QNT,coingecko,1,
2026-10-01 11:06,MOVR,coingecko,2,
2026-10-01 11:06,NEAR,coingecko,3,
2026-10-01 11:06,MON,coingecko,4,
2026-10-01 11:06,PENGU,coingecko,7,
2026-10-01 11:06,PRL,coingecko,9,
2026-10-01 11:06,TAO,coingecko,11,
2026-10-01 11:06,SUI,coingecko,12,
2026-10-01 11:06,PONS,coingecko,13,
2026-10-01 11:06,AVAX,coingecko,15,
2026-10-01 11:06,PONS,geckoterminal_5m,5,
2026-10-01 11:06,PONS,geckoterminal_5m,10,
2026-10-01 11:06,PONS,geckoterminal_5m,17,
2026-10-01 11:06,MET,geckoterminal_5m,19,
2026-10-01 11:06,PONS,geckoterminal_5m,20,
2026-10-01 11:06,PONS,geckoterminal_1h,5,
2026-10-01 11:06,ARK,geckoterminal_1h,10,
2026-10-01 11:06,PENGU,geckoterminal_1h,17,
2026-10-01 11:16,CASHCAT,geckoterminal_5m,8,
2026-10-01 11:16,PONS,geckoterminal_5m,12,
2026-10-01 11:16,CASHCAT,geckoterminal_5m,14,
2026-10-01 11:16,AERO,geckoterminal_5m,20,
2026-10-01 11:16,PENGU,geckoterminal_1h,5,
2026-10-01 11:16,PONS,geckoterminal_1h,12,
2026-10-01 11:16,CASHCAT,geckoterminal_1h,13,
2026-10-01 11:16,PONS,geckoterminal_1h,14,
2026-10-01 11:16,PONS,geckoterminal_1h,18,
2026-10-01 11:16,DEGEN,dexscreener,7,
2026-10-01 11:16,SC,dexscreener,12,
2026-10-01 11:16,TRUMP,dexscreener,14,
2026-10-01 11:16,SC,dexscreener,16,
2026-10-01 11:21,QNT,coingecko,1,
2026-10-01 11:21,MOVR,coingecko,2,
2026-10-01 11:21,TRUMP,coingecko,3,
2026-10-01 11:21,MON,coingecko,4,
2026-10-01 11:21,NEAR,coingecko,7,
2026-10-01 11:21,PENGU,coingecko,9,
2026-10-01 11:21,PRL,coingecko,11,
2026-10-01 11:21,TAO,coingecko,12,
2026-10-01 11:21,JASMY,coingecko,13,
2026-10-01 11:21,PONS,coingecko,14,
2026-10-01 11:21,AVAX,coingecko,15,
2026-10-01 11:26,CARDS,geckoterminal_5m,11,
2026-10-01 11:26,PONS,geckoterminal_5m,15,
2026-10-01 11:26,CASHCAT,geckoterminal_1h,11,
2026-10-01 11:26,PONS,geckoterminal_1h,15,
2026-10-01 11:26,PONS,geckoterminal_1h,20,
2026-10-01 11:31,DEGEN,dexscreener,7,
2026-10-01 11:31,SC,dexscreener,11,
2026-10-01 11:31,TRUMP,dexscreener,13,
2026-10-01 11:31,SC,dexscreener,15,
2026-10-01 11:36,TRUMP,coingecko,1,
2026-10-01 11:36,QNT,coingecko,3,
2026-10-01 11:36,MOVR,coingecko,4,
2026-10-01 11:36,MON,coingecko,5,
2026-10-01 11:36,PENGU,coingecko,6,
2026-10-01 11:36,NEAR,coingecko,9,
2026-10-01 11:36,PRL,coingecko,12,
2026-10-01 11:36,TAO,coingecko,13,
2026-10-01 11:36,ENA,coingecko,14,
2026-10-01 11:36,JASMY,coingecko,15,
2026-10-01 11:36,PONS,geckoterminal_5m,18,
2026-10-01 11:36,CASHCAT,geckoterminal_1h,11,
2026-10-01 11:46,CASHCAT,geckoterminal_5m,3,
2026-10-01 11:46,CASHCAT,geckoterminal_5m,6,
2026-10-01 11:46,PONS,geckoterminal_5m,7,
2026-10-01 11:46,CASHCAT,geckoterminal_5m,8,
2026-10-01 11:46,DOT,geckoterminal_5m,11,
2026-10-01 11:46,PONS,geckoterminal_5m,12,
2026-10-01 11:46,CASHCAT,geckoterminal_5m,17,
2026-10-01 11:46,CASHCAT,geckoterminal_1h,12,
2026-10-01 11:46,PONS,geckoterminal_1h,15,
2026-10-01 11:46,DEGEN,dexscreener,7,
2026-10-01 11:46,SC,dexscreener,11,
2026-10-01 11:46,TRUMP,dexscreener,13,
2026-10-01 11:46,SC,dexscreener,15,
2026-10-01 11:51,TRUMP,coingecko,1,
2026-10-01 11:51,MOVR,coingecko,4,
2026-10-01 11:51,QNT,coingecko,5,
2026-10-01 11:51,MON,coingecko,6,
2026-10-01 11:51,PENGU,coingecko,8,
2026-10-01 11:51,NEAR,coingecko,9,
2026-10-01 11:51,PRL,coingecko,10,
2026-10-01 11:51,AAVE,coingecko,11,
2026-10-01 11:51,UNI,coingecko,12,
2026-10-01 11:51,STONK,coingecko,14,
2026-10-01 11:51,TAO,coingecko,15,
2026-10-01 11:56,CASHCAT,geckoterminal_5m,12,
2026-10-01 11:56,ARK,geckoterminal_5m,18,
2026-10-01 11:56,CASHCAT,geckoterminal_1h,11,
2026-10-01 11:56,PONS,geckoterminal_1h,15,
2026-10-01 12:07,DEGEN,dexscreener,7,
2026-10-01 12:07,SC,dexscreener,11,
2026-10-01 12:07,TRUMP,dexscreener,13,
2026-10-01 12:07,SC,dexscreener,15,
2026-10-01 12:07,TRUMP,coingecko,3,
2026-10-01 12:07,MON,coingecko,4,
2026-10-01 12:07,QNT,coingecko,5,
2026-10-01 12:07,MOVR,coingecko,7,
2026-10-01 12:07,NEAR,coingecko,8,
2026-10-01 12:07,PENGU,coingecko,9,
2026-10-01 12:07,AAVE,coingecko,11,
2026-10-01 12:07,HYPE,coingecko,12,
2026-10-01 12:07,PRL,coingecko,13,
2026-10-01 12:07,XRP,coingecko,14,
2026-10-01 12:07,PUMP,coingecko,15,
2026-10-01 12:07,PONS,geckoterminal_5m,7,
2026-10-01 12:07,AERO,geckoterminal_5m,8,
2026-10-01 12:07,SC,geckoterminal_5m,12,
2026-10-01 12:07,PONS,geckoterminal_5m,17,
2026-10-01 12:07,AERO,geckoterminal_5m,19,
2026-10-01 12:07,CASHCAT,geckoterminal_1h,8,
2026-10-01 12:07,PONS,geckoterminal_1h,12,
2026-10-01 12:07,SC,geckoterminal_1h,13,
2026-10-01 12:17,PONS,geckoterminal_5m,6,
2026-10-01 12:17,PONS,geckoterminal_5m,9,
2026-10-01 12:17,PONS,geckoterminal_5m,13,
2026-10-01 12:17,STONK,geckoterminal_5m,16,
2026-10-01 12:17,PEPE,geckoterminal_5m,20,
2026-10-01 12:17,CASHCAT,geckoterminal_1h,8,
2026-10-01 12:17,PONS,geckoterminal_1h,16,
2026-10-01 12:17,SC,geckoterminal_1h,19,
2026-10-01 12:22,TRUMP,coingecko,3,
2026-10-01 12:22,MON,coingecko,4,
2026-10-01 12:22,MOVR,coingecko,5,
2026-10-01 12:22,QNT,coingecko,6,
2026-10-01 12:22,NEAR,coingecko,8,
2026-10-01 12:22,PENGU,coingecko,9,
2026-10-01 12:22,XRP,coingecko,11,
2026-10-01 12:22,BTC,coingecko,12,
2026-10-01 12:22,PONS,coingecko,14,
2026-10-01 12:22,HYPE,coingecko,15,
2026-10-01 12:22,DEGEN,dexscreener,7,
2026-10-01 12:22,SC,dexscreener,11,
2026-10-01 12:22,TRUMP,dexscreener,13,
2026-10-01 12:22,SC,dexscreener,15,
2026-10-01 12:27,SC,geckoterminal_5m,3,
2026-10-01 12:27,CASHCAT,geckoterminal_5m,5,
2026-10-01 12:27,CASHCAT,geckoterminal_5m,19,
2026-10-01 12:27,ARK,geckoterminal_5m,20,
2026-10-01 12:27,SC,geckoterminal_1h,9,
2026-10-01 12:27,CASHCAT,geckoterminal_1h,12,
2026-10-01 12:27,PONS,geckoterminal_1h,19,
2026-10-01 12:37,TRUMP,coingecko,2,
2026-10-01 12:37,QNT,coingecko,3,
2026-10-01 12:37,MOVR,coingecko,5,
2026-10-01 12:37,MON,coingecko,6,
2026-10-01 12:37,PENGU,coingecko,9,
2026-10-01 12:37,NEAR,coingecko,10,
2026-10-01 12:37,PRL,coingecko,11,
2026-10-01 12:37,HYPE,coingecko,13,
2026-10-01 12:37,XRP,coingecko,14,
2026-10-01 12:37,ENA,coingecko,15,
2026-10-01 12:37,SC,geckoterminal_5m,3,
2026-10-01 12:37,ARK,geckoterminal_5m,9,
2026-10-01 12:37,DEGEN,dexscreener,7,
2026-10-01 12:37,SC,dexscreener,11,
2026-10-01 12:37,TRUMP,dexscreener,13,
2026-10-01 12:37,SC,dexscreener,15,
2026-10-01 12:37,SC,geckoterminal_1h,6,
2026-10-01 12:37,CASHCAT,geckoterminal_1h,11,
2026-10-01 12:47,STONK,geckoterminal_5m,9,
2026-10-01 12:47,AERO,geckoterminal_5m,11,
2026-10-01 12:47,PONS,geckoterminal_5m,12,
2026-10-01 12:47,AERO,geckoterminal_5m,15,
2026-10-01 12:47,AERO,geckoterminal_5m,18,
2026-10-01 12:47,PENGU,geckoterminal_5m,19,
2026-10-01 12:47,SC,geckoterminal_1h,7,
2026-10-01 12:47,CASHCAT,geckoterminal_1h,14,
2026-10-01 12:52,QNT,coingecko,2,
2026-10-01 12:52,TRUMP,coingecko,3,
2026-10-01 12:52,MON,coingecko,5,
2026-10-01 12:52,PENGU,coingecko,6,
2026-10-01 12:52,MOVR,coingecko,7,
2026-10-01 12:52,NEAR,coingecko,10,
2026-10-01 12:52,PRL,coingecko,11,
2026-10-01 12:52,XRP,coingecko,12,
2026-10-01 12:52,HYPE,coingecko,13,
2026-10-01 12:52,PUMP,coingecko,15,
2026-10-01 12:52,DEGEN,dexscreener,7,
2026-10-01 12:52,SC,dexscreener,9,
2026-10-01 12:52,SC,dexscreener,13,
2026-10-01 12:57,SC,geckoterminal_5m,7,
2026-10-01 12:57,PONS,geckoterminal_5m,10,
2026-10-01 12:57,PENGU,geckoterminal_5m,11,
2026-10-01 12:57,MASK,geckoterminal_5m,12,
2026-10-01 12:57,ARK,geckoterminal_5m,15,
2026-10-01 12:57,SC,geckoterminal_1h,5,
2026-10-01 12:57,CASHCAT,geckoterminal_1h,16,
2026-10-01 12:57,PONS,geckoterminal_1h,17,
