id,league,start,status,home,away,home_name,away_name,home_score,away_score,ml_home,ml_away,odds_time,neutral,ml_home_open,ml_away_open,spread_home,spread_home_odds,spread_away_odds,inj_home,inj_away,sp_home,sp_away,stype,country,intl,city,state,indoor,elev,wx_temp,wx_wind,wx_rain,tzo,ls_home,ls_away,h1_ml_home,h1_ml_away,h1_spread_home,h1_spread_home_odds,h1_spread_away_odds
nfl:401547512,nfl,2023-11-03T00:15Z,final,23,10,Steelers,Titans,20,16,-178,150,,0,-180,150,-3.5,-105,-115,,,,,2,USA,0,Pittsburgh,PA,0,233,42,10,0.0,-4.0,"7,3,3,7","3,10,3,0",,,,,
nfl:401547230,nfl,2023-11-05T14:30Z,final,12,15,Chiefs,Dolphins,21,14,-110,-108,,1,-215,179,0.5,-110,-110,,,,,2,Germany,1,Frankfurt,,0,113,,,,1.0,"7,14,0,0","0,0,14,0",,,,,
nfl:401547513,nfl,2023-11-05T18:00Z,final,33,26,Ravens,Seahawks,37,3,-270,220,,0,-162,136,-6.0,-111,-109,,,,,2,USA,0,Baltimore,MD,0,10,,,,-5.0,"0,17,13,7","0,3,0,0",,,,,
nfl:401547514,nfl,2023-11-05T18:00Z,final,5,22,Browns,Cardinals,27,0,-750,525,,0,-325,260,-13.0,-109,-111,,,,,2,USA,0,Cleveland,OH,0,199,,,,-5.0,"0,13,7,7","0,0,0,0",,,,,
nfl:401547515,nfl,2023-11-05T18:00Z,final,34,27,Texans,Buccaneers,39,37,-149,124,,0,-115,-105,-2.5,-118,-104,,,,,2,USA,0,Houston,TX,1,12,,,,-6.0,"7,3,12,17","10,7,6,14",,,,,
nfl:401547516,nfl,2023-11-05T18:00Z,final,18,3,Saints,Bears,24,17,-435,340,,0,-142,120,-9.5,-111,-109,,,,,2,USA,0,New Orleans,LA,1,0,,,,-6.0,"7,7,3,7","7,7,3,0",,,,,
nfl:401547518,nfl,2023-11-05T18:00Z,final,1,16,Falcons,Vikings,28,31,-194,162,,0,-105,-115,-3.5,-112,-108,,,,,2,USA,0,Atlanta,GA,1,320,,,,-5.0,"3,8,10,7","3,7,11,10",,,,,
nfl:401547519,nfl,2023-11-05T18:00Z,final,9,14,Packers,Rams,20,3,-190,155,,0,-142,120,-3.5,-112,-107,,,,,2,USA,0,Green Bay,WI,0,180,,,,-6.0,"0,7,3,10","0,3,0,0",,,,,
nfl:401547520,nfl,2023-11-05T18:00Z,final,17,28,Patriots,Commanders,17,20,-154,130,,0,-180,142,-3.0,-107,-112,,,,,2,USA,0,Foxborough,MA,0,88,50,7,0.0,-5.0,"0,14,3,0","3,7,10,0",,,,,
nfl:401547517,nfl,2023-11-05T21:05Z,final,29,11,Panthers,Colts,13,27,105,-125,,0,-130,110,1.5,-111,-109,,,,,2,USA,0,Charlotte,NC,0,229,54,7,0.0,-5.0,"0,3,7,3","0,20,0,7",,,,,
nfl:401547521,nfl,2023-11-05T21:25Z,final,13,19,Raiders,Giants,30,6,-110,-110,,0,-120,-100,-0.5,-110,-110,,,,,2,USA,0,Las Vegas,NV,1,610,,,,-8.0,"7,17,3,3","0,0,0,6",,,,,
nfl:401547522,nfl,2023-11-05T21:25Z,final,21,6,Eagles,Cowboys,28,23,-174,145,,0,-155,130,-3.0,-115,-105,,,,,2,USA,0,Philadelphia,PA,0,12,54,8,0.0,-5.0,"7,7,14,0","7,10,0,6",,,,,
nfl:401547523,nfl,2023-11-06T01:20Z,final,4,2,Bengals,Bills,24,18,-125,105,,0,-115,-105,-1.5,-109,-111,,,,,2,USA,0,Cincinnati,OH,0,191,52,15,0.0,-5.0,"14,7,0,3","7,0,3,8",,,,,
nfl:401547524,nfl,2023-11-07T01:15Z,final,20,24,Jets,Chargers,6,27,145,-174,,0,-125,105,3.5,-108,-111,,,,,2,USA,0,East Rutherford,NJ,0,24,54,12,4.8,-5.0,"0,3,3,0","14,3,0,10",,,,,
nfl:401547525,nfl,2023-11-10T01:15Z,final,3,29,Bears,Panthers,16,13,-176,148,,0,-125,105,-3.5,-107,-114,,,,,2,USA,0,Chicago,IL,0,179,,,,-6.0,"3,6,7,0","7,3,0,3",,,,,
nfl:401547231,nfl,2023-11-12T14:30Z,final,17,11,Patriots,Colts,6,10,100,-120,,1,-201,168,1.5,-109,-111,,,,,2,Germany,1,Frankfurt,,0,113,,,,1.0,"3,0,0,3","7,0,0,3",,,,,
nfl:401547526,nfl,2023-11-12T18:00Z,final,4,34,Bengals,Texans,27,30,-250,205,,0,-395,310,-5.5,-110,-110,,,,,2,USA,0,Cincinnati,OH,0,191,44,7,0.0,-5.0,"7,0,10,10","0,10,10,10",,,,,
nfl:401547527,nfl,2023-11-12T18:00Z,final,23,9,Steelers,Packers,23,19,-175,145,,0,-148,124,-3.5,-110,-110,,,,,2,USA,0,Pittsburgh,PA,0,233,41,6,0.0,-5.0,"7,10,3,3","7,6,6,0",,,,,
nfl:401547528,nfl,2023-11-12T18:00Z,final,27,10,Buccaneers,Titans,20,6,-142,120,,0,-105,-115,-2.5,-110,-110,,,,,2,USA,0,Tampa,FL,0,1,77,11,0.8,-5.0,"0,7,10,3","3,0,0,3",,,,,
nfl:401547531,nfl,2023-11-12T18:00Z,final,33,5,Ravens,Browns,31,33,-255,210,,0,-218,180,-6.0,-110,-110,,,,,2,USA,0,Baltimore,MD,0,10,,,,-5.0,"17,0,7,7","3,6,8,16",,,,,
nfl:401547532,nfl,2023-11-12T18:00Z,final,30,25,Jaguars,49ers,3,34,140,-166,,0,-105,-115,3.0,-108,-112,,,,,2,USA,0,Jacksonville,FL,0,5,,,,-5.0,"0,3,0,0","10,3,14,7",,,,,
nfl:401547533,nfl,2023-11-12T18:00Z,final,16,18,Vikings,Saints,27,19,124,-148,,0,-135,114,3.0,-112,-107,,,,,2,USA,0,Minneapolis,MN,1,253,,,,-6.0,"3,21,3,0","3,0,8,8",,,,,
nfl:401547529,nfl,2023-11-12T21:05Z,final,22,1,Cardinals,Falcons,25,23,105,-125,,0,120,-142,2.0,-110,-110,,,,,2,USA,0,Glendale,AZ,1,351,,,,-7.0,"3,9,10,3","0,14,3,6",,,,,
nfl:401547530,nfl,2023-11-12T21:05Z,final,24,8,Chargers,Lions,38,41,114,-135,,0,-162,136,2.0,-110,-110,,,,,2,USA,0,Inglewood,CA,0,40,,,,-8.0,"3,14,7,14","10,14,7,10",,,,,
nfl:401547534,nfl,2023-11-12T21:25Z,final,6,19,Cowboys,Giants,49,17,-2400,1200,,0,-218,180,-17.5,-110,-110,,,,,2,USA,0,Arlington,TX,1,184,,,,-6.0,"7,21,14,7","0,0,7,10",,,,,
nfl:401547535,nfl,2023-11-12T21:25Z,final,26,28,Seahawks,Commanders,29,26,-270,205,,0,-185,154,-6.0,-110,-110,,,,,2,USA,0,Seattle,WA,0,56,48,18,1.2,-8.0,"3,6,7,13","6,3,3,14",,,,,
nfl:401547536,nfl,2023-11-13T01:20Z,final,13,20,Raiders,Jets,16,12,-106,-112,,0,110,-130,1.0,-113,-107,,,,,2,USA,0,Las Vegas,NV,1,610,,,,-8.0,"3,3,3,7","6,3,0,3",,,,,
nfl:401547537,nfl,2023-11-14T01:15Z,final,2,7,Bills,Broncos,22,24,-390,310,,0,-245,200,-7.5,-110,-110,,,,,2,USA,0,Orchard Park,NY,0,263,,,,-5.0,"0,8,7,7","3,12,0,9",,,,,
nfl:401547538,nfl,2023-11-17T01:15Z,final,33,4,Ravens,Bengals,34,20,-198,164,,0,-105,-115,-4.0,-110,-110,,,,,2,USA,0,Baltimore,MD,0,10,,,,-5.0,"7,14,6,7","3,7,3,7",,,,,
nfl:401547539,nfl,2023-11-19T18:00Z,final,5,23,Browns,Steelers,13,10,-138,115,,0,-198,164,-2.5,-110,-110,,,,,2,USA,0,Cleveland,OH,0,199,,,,-5.0,"7,3,0,3","0,0,7,3",,,,,
nfl:401547540,nfl,2023-11-19T18:00Z,final,34,22,Texans,Cardinals,21,16,-240,198,,0,-185,154,-5.5,-110,-110,,,,,2,USA,0,Houston,TX,1,12,,,,-6.0,"7,14,0,0","10,0,6,0",,,,,
nfl:401547541,nfl,2023-11-19T18:00Z,final,30,10,Jaguars,Titans,34,14,-299,240,,0,-205,170,-6.5,-115,-105,,,,,2,USA,0,Jacksonville,FL,0,5,,,,-5.0,"7,6,14,7","0,0,7,7",,,,,
nfl:401547542,nfl,2023-11-19T18:00Z,final,15,13,Dolphins,Raiders,20,13,-1000,660,,0,-470,360,-14.0,-109,-111,,,,,2,USA,0,Miami Gardens,FL,0,2,72,8,0.1,-5.0,"7,7,6,0","10,3,0,0",,,,,
nfl:401547545,nfl,2023-11-19T18:00Z,final,29,6,Panthers,Cowboys,10,33,455,-625,,0,211,-258,11.5,-110,-110,,,,,2,USA,0,Charlotte,NC,0,229,52,10,0.0,-5.0,"0,3,7,0","7,10,0,16",,,,,
nfl:401547546,nfl,2023-11-19T18:00Z,final,8,3,Lions,Bears,31,26,-405,320,,0,-345,275,-8.0,-109,-111,,,,,2,USA,0,Detroit,MI,1,183,,,,-5.0,"0,14,0,17","7,3,10,6",,,,,
nfl:401547547,nfl,2023-11-19T18:00Z,final,9,24,Packers,Chargers,23,20,130,-158,,0,110,-130,3.0,-110,-110,,,,,2,USA,0,Green Bay,WI,0,180,,,,-6.0,"0,10,6,7","3,7,3,7",,,,,
nfl:401547548,nfl,2023-11-19T18:00Z,final,28,19,Commanders,Giants,19,31,-375,295,,0,-340,270,-7.5,-110,-110,,,,,2,USA,0,Landover,MD,0,17,,,,-5.0,"3,6,3,7","7,7,0,17",,,,,
nfl:401547549,nfl,2023-11-19T21:05Z,final,25,27,49ers,Buccaneers,27,14,-900,600,,0,-340,270,-13.5,-110,-110,,,,,2,USA,0,Santa Clara,CA,0,23,,,,-8.0,"7,6,14,0","0,7,0,7",,,,,
nfl:401547543,nfl,2023-11-19T21:25Z,final,2,20,Bills,Jets,32,6,-380,300,,0,-270,220,-8.5,-110,-110,,,,,2,USA,0,Orchard Park,NY,0,263,,,,-5.0,"6,10,13,3","0,6,0,0",,,,,
nfl:401547544,nfl,2023-11-19T21:25Z,final,14,26,Rams,Seahawks,17,16,-135,114,,0,124,-148,-2.5,-111,-109,,,,,2,USA,0,Inglewood,CA,0,40,,,,-8.0,"0,7,0,10","7,6,3,0",,,,,
nfl:401547550,nfl,2023-11-20T01:20Z,final,7,16,Broncos,Vikings,21,20,-142,120,,0,-135,114,-2.5,-118,-104,,,,,2,USA,0,Denver,CO,0,1609,41,22,1.1,-7.0,"3,6,0,12","0,10,7,3",,,,,
nfl:401547345,nfl,2023-11-21T01:15Z,final,12,21,Chiefs,Eagles,17,21,-145,120,,0,-167,135,-2.5,-120,-102,,,,,2,USA,0,Kansas City,MO,0,274,,,,-6.0,"7,10,0,0","7,0,7,7",,,,,
nfl:401547552,nfl,2023-11-23T17:30Z,final,8,9,Lions,Packers,22,29,-405,320,,0,-185,154,-8.5,-113,-106,,,,,2,USA,0,Detroit,MI,1,183,,,,-5.0,"6,0,8,8","20,3,6,0",,,,,
nfl:401547551,nfl,2023-11-23T21:30Z,final,6,28,Cowboys,Commanders,45,10,-800,560,,0,-230,190,-13.0,-110,-110,,,,,2,USA,0,Arlington,TX,1,184,,,,-6.0,"7,13,0,25","0,10,0,0",,,,,
nfl:401547553,nfl,2023-11-24T01:20Z,final,26,25,Seahawks,49ers,13,31,260,-325,,0,-100,-120,7.0,-110,-110,,,,,2,USA,0,Seattle,WA,0,56,41,12,0.0,-8.0,"3,0,10,0","7,17,0,7",,,,,
nfl:401547242,nfl,2023-11-24T20:00Z,final,20,15,Jets,Dolphins,13,34,375,-500,,0,-135,112,9.0,-110,-110,,,,,2,USA,0,East Rutherford,NJ,0,24,42,11,0.0,-5.0,"0,6,0,7","3,14,3,14",,,,,
nfl:401547554,nfl,2023-11-26T18:00Z,final,4,23,Bengals,Steelers,10,16,118,-140,,0,-198,164,2.5,-112,-108,,,,,2,USA,0,Cincinnati,OH,0,191,40,11,3.3,-5.0,"0,7,0,3","0,3,7,6",,,,,
nfl:401547555,nfl,2023-11-26T18:00Z,final,34,30,Texans,Jaguars,21,24,-105,-112,,0,164,-198,1.0,-115,-105,,,,,2,USA,0,Houston,TX,1,12,,,,-6.0,"0,7,7,7","3,10,8,3",,,,,
nfl:401547556,nfl,2023-11-26T18:00Z,final,11,27,Colts,Buccaneers,27,20,-145,122,,0,-115,-105,-2.5,-108,-112,,,,,2,USA,0,Indianapolis,IN,1,218,,,,-5.0,"10,7,3,7","3,7,0,10",,,,,
nfl:401547559,nfl,2023-11-26T18:00Z,final,1,18,Falcons,Saints,24,15,108,-126,,0,-110,-110,1.5,-109,-111,,,,,2,USA,0,Atlanta,GA,1,320,,,,-5.0,"7,7,0,10","3,6,3,3",,,,,
nfl:401547560,nfl,2023-11-26T18:00Z,final,19,17,Giants,Patriots,10,7,176,-210,,0,-120,-100,4.5,-110,-110,,,,,2,USA,0,East Rutherford,NJ,0,24,35,10,1.1,-5.0,"0,7,0,3","0,0,7,0",,,,,
nfl:401547561,nfl,2023-11-26T18:00Z,final,10,29,Titans,Panthers,17,10,-180,150,,0,-115,-105,-3.5,-107,-114,,,,,2,USA,0,Nashville,TN,0,170,47,14,1.0,-6.0,"7,10,0,0","0,3,7,0",,,,,
nfl:401547562,nfl,2023-11-26T21:05Z,final,22,14,Cardinals,Rams,14,37,126,-148,,0,110,-130,3.0,-112,-107,,,,,2,USA,0,Glendale,AZ,1,351,,,,-7.0,"8,0,0,6","7,14,3,13",,,,,
nfl:401547563,nfl,2023-11-26T21:05Z,final,7,5,Broncos,Browns,29,12,-130,110,,0,-115,-105,-2.0,-110,-110,,,,,2,USA,0,Denver,CO,0,1609,24,5,0.0,-7.0,"7,7,3,12","0,6,6,0",,,,,
nfl:401547557,nfl,2023-11-26T21:25Z,final,13,12,Raiders,Chiefs,17,31,370,-485,,0,170,-205,9.5,-110,-110,,,,,2,USA,0,Las Vegas,NV,1,610,,,,-8.0,"7,7,3,0","0,14,7,10",,,,,
nfl:401547558,nfl,2023-11-26T21:25Z,final,21,2,Eagles,Bills,37,34,-142,124,,0,-130,110,-2.5,-115,-105,,,,,2,USA,0,Philadelphia,PA,0,12,38,7,2.2,-5.0,"7,0,7,17,6","0,17,7,7,3",,,,,
nfl:401547564,nfl,2023-11-27T01:20Z,final,24,33,Chargers,Ravens,10,20,140,-166,,0,-125,105,3.0,-108,-112,,,,,2,USA,0,Inglewood,CA,0,40,,,,-8.0,"3,0,0,7","0,10,3,7",,,,,
nfl:401547565,nfl,2023-11-28T01:15Z,final,16,3,Vikings,Bears,10,12,-164,138,,0,-180,150,-3.0,-110,-110,,,,,2,USA,0,Minneapolis,MN,1,253,,,,-6.0,"0,3,0,7","0,3,3,6",,,,,
