time,coin,chain,address,tier,opened,hold_h,cost_usd,pnl,ret,entry,exit,liq_entry,liq_exit,outcome,reason
2026-09-29 20:29,INUINK@solana:9k7NgXqi,solana,9k7NgXqiJ7tvLtiB6HXdJHnKZZynFz46AB6Eg4Uwpump,A,2026-09-29 19:59,0.5,24.2,-2.67,-0.1105,4.344199999999999e-06,3.946e-06,4841,4569,emergency_exit,re-screen flagged: holders unknown; lp holders unknown; rugcheck danger: Low Liquidity; rugcheck lp locked 0% < 95%
2026-09-30 02:09,AROS@solana:7174WCmC,solana,7174WCmCvWJxwHrB89CbKmUGE6VDXYfw4YpXNReapump,A,2026-09-30 01:09,1.0,99.73,8.27,0.083,0.05039659913041738,0.05547,646263,683767,emergency_exit,re-screen flagged twice: holders unknown; lp holders unknown; rugcheck lp locked 0% < 95%
2026-09-30 10:46,SI@solana:9aqmJjCn,solana,9aqmJjCnnMQv42TXLk921ceUkN35nea2QP969n1caqjj,A,2026-09-30 09:46,1.0,97.18,-8.56,-0.0881,0.0012928474353353313,0.001199,117538,114430,emergency_exit,re-screen flagged twice: holders unknown; lp holders unknown; rugcheck lp locked 81% < 95%
2026-09-30 17:43,SS@solana:BYaxkgDf,solana,BYaxkgDfkUApMgsXu4SiJ5yc6DTSfLxp6an3PvVVpump,A,2026-09-30 04:36,13.1,100.51,-93.36,-0.9288,0.0012424957019487913,8.987e-05,102457,26919,normal,trailing stop (peak 0.002664)
2026-09-30 22:34,AIRPAD@solana:6ZG6fMHa,solana,6ZG6fMHaE7NpubJr16G8nFLBg91rH5kU5SVpqUmQpump,A,2026-09-30 12:11,10.4,94.04,-93.36,-0.9928,0.001046314594263725,7.706e-06,100907,8012,normal,trailing stop (peak 0.002147)
2026-10-01 22:27,ZCAT@solana:HcRLc9VD,solana,HcRLc9VDgjLeK154xDawfb1dmVJ98DoSqcwTHGqiDeJR,A,2026-09-30 12:51,33.6,96.13,-28.76,-0.2992,0.06676566057055175,0.04755,1363338,1110273,normal,"swapped for a stronger coin (BANDIT: 1h +10%, 6h +76%); this one 0.71x after 34h"
2026-10-01 23:58,BANDIT@solana:3cgCqhms,solana,3cgCqhmsy2YeAwrhuPkG75vXqpF4SfFUY5nepvitpump,A,2026-10-01 22:28,1.5,69.71,-64.06,-0.919,0.011324673336843847,0.0009327,303677,86336,emergency_exit,re-screen flagged twice: holders unknown; lp holders unknown; rugcheck lp locked 0% < 95%
2026-10-02 00:07,TIBBIR@base:0xA4A2E2,base,0xA4A2E2ca3fBfE21aed83471D28b6f65A233C6e00,B,2026-09-30 02:49,45.3,125.51,-22.93,-0.1827,0.3262998122810528,0.271,4101129,3774412,normal,"swapped for a stronger coin (SACC: 1h +261%, 6h +435%); this one 0.83x after 45h"
2026-10-02 05:08,SACC@solana:4K8V9yH6,solana,4K8V9yH6kKRLS46BTG68Te1QHLkb7an8J5YcWQ3ppump,A,2026-10-02 00:08,5.0,68.07,-67.91,-0.9976,0.0012107631878776183,2.956e-06,104128,3386,emergency_exit,re-screen flagged: holders unknown; lp holders unknown; rugcheck danger: Low Liquidity; rugcheck lp locked 0% < 95%
