id,league,start,status,home,away,home_name,away_name,home_score,away_score,ml_home,ml_away,odds_time,neutral,ml_home_open,ml_away_open,spread_home,spread_home_odds,spread_away_odds,inj_home,inj_away,sp_home,sp_away,stype,country,intl,city,state,indoor,elev,wx_temp,wx_wind,wx_rain,tzo,ls_home,ls_away
nba:401267467,nba,2021-02-01T00:00Z,final,11,20,Pacers,76ers,110,119,,,,0,,,,,,,,,,2,,0,Indianapolis,IN,1,218,,,,-5.0,"28,35,32,15","18,36,28,37"
nba:401267469,nba,2021-02-01T00:00Z,final,28,19,Raptors,Magic,115,102,,,,0,,,,,,,,,,2,,0,Tampa,FL,1,,,,,,"27,31,26,31","15,29,29,29"
nba:401267470,nba,2021-02-01T00:00Z,final,27,17,Wizards,Nets,149,146,,,,0,,,,,,,,,,2,,0,Washington,DC,1,,,,,,"28,37,36,48","38,33,37,38"
nba:401267471,nba,2021-02-01T01:00Z,final,16,5,Timberwolves,Cavaliers,109,104,,,,0,,,,,,,,,,2,,0,Minneapolis,MN,1,253,,,,-6.0,"30,25,33,21","35,26,25,18"
nba:401267473,nba,2021-02-02T00:30Z,final,1,13,Hawks,Lakers,99,107,,,,0,,,,,,,,,,2,,0,Atlanta,GA,1,320,,,,-5.0,"25,21,30,23","28,22,25,32"
nba:401267474,nba,2021-02-02T00:30Z,final,14,30,Heat,Hornets,121,129,,,,0,,,,,,,,,,2,,0,Miami,FL,1,2,,,,-5.0,"29,28,25,31,8","28,26,34,25,16"
nba:401267472,nba,2021-02-02T01:00Z,final,5,16,Cavaliers,Timberwolves,100,98,,,,0,,,,,,,,,,2,,0,Cleveland,OH,1,199,,,,-5.0,"29,23,24,24","29,15,23,31"
nba:401267475,nba,2021-02-02T01:00Z,final,4,18,Bulls,Knicks,110,102,,,,0,,,,,,,,,,2,,0,Chicago,IL,1,179,,,,-6.0,"32,27,25,26","27,28,26,21"
nba:401267476,nba,2021-02-02T01:00Z,final,15,22,Bucks,Trail Blazers,134,106,,,,0,,,,,,,,,,2,,0,Milwaukee,WI,1,188,,,,-6.0,"46,33,34,21","36,20,21,29"
nba:401267477,nba,2021-02-02T01:00Z,final,3,23,Pelicans,Kings,109,118,,,,0,,,,,,,,,,2,,0,New Orleans,LA,1,0,,,,-6.0,"33,29,32,15","30,30,27,31"
nba:401267478,nba,2021-02-02T01:00Z,final,25,10,Thunder,Rockets,106,136,,,,0,,,,,,,,,,2,,0,Oklahoma City,OK,1,366,,,,-6.0,"24,30,22,30","48,25,29,34"
nba:401267479,nba,2021-02-02T01:30Z,final,6,21,Mavericks,Suns,108,109,,,,0,,,,,,,,,,2,,0,Dallas,TX,1,128,,,,-6.0,"22,31,29,26","22,25,30,32"
nba:401267480,nba,2021-02-02T01:30Z,final,24,29,Spurs,Grizzlies,102,133,,,,0,,,,,,,,,,2,,0,San Antonio,TX,1,198,,,,-6.0,"31,22,30,19","33,36,27,37"
nba:401267481,nba,2021-02-02T02:00Z,void,7,8,Nuggets,Pistons,,,,,,0,,,,,,,,,,2,,0,Denver,CO,1,1609,,,,-7.0,,
nba:401267483,nba,2021-02-03T00:00Z,final,19,28,Magic,Raptors,108,123,,,,0,,,,,,,,,,2,,0,Orlando,FL,1,30,,,,-5.0,"31,29,22,26","33,31,32,27"
nba:401267484,nba,2021-02-03T00:30Z,final,17,12,Nets,Clippers,124,120,,,,0,,,,,,,,,,2,,0,Brooklyn,NY,1,15,,,,-5.0,"24,33,31,36","32,26,32,30"
nba:401267482,nba,2021-02-03T01:00Z,final,11,29,Pacers,Grizzlies,134,116,,,,0,,,,,,,,,,2,,0,Indianapolis,IN,1,218,,,,-5.0,"37,34,33,30","27,23,35,31"
nba:401282283,nba,2021-02-03T01:00Z,final,27,22,Wizards,Trail Blazers,121,132,,,,0,,,,,,,,,,2,,0,Washington,DC,1,,,,,,"23,40,27,31","40,35,31,26"
nba:401267485,nba,2021-02-03T03:00Z,final,26,8,Jazz,Pistons,117,105,,,,0,,,,,,,,,,2,,0,Salt Lake City,UT,1,1299,,,,-7.0,"33,36,25,23","22,24,31,28"
nba:401267486,nba,2021-02-03T03:00Z,final,9,2,Warriors,Celtics,107,111,,,,0,,,,,,,,,,2,,0,San Francisco,CA,1,16,,,,-8.0,"35,17,33,22","24,28,34,25"
nba:401267487,nba,2021-02-04T00:00Z,final,30,20,Hornets,76ers,111,118,,,,0,,,,,,,,,,2,,0,Charlotte,NC,1,229,,,,-5.0,"13,29,34,35","30,34,25,29"
nba:401267489,nba,2021-02-04T00:00Z,final,15,11,Bucks,Pacers,130,110,,,,0,,,,,,,,,,2,,0,Milwaukee,WI,1,188,,,,-6.0,"29,39,38,24","21,30,21,38"
nba:401267490,nba,2021-02-04T00:30Z,final,1,6,Hawks,Mavericks,116,122,,,,0,,,,,,,,,,2,,0,Atlanta,GA,1,320,,,,-5.0,"22,34,27,33","26,27,35,34"
nba:401267488,nba,2021-02-04T01:00Z,final,5,12,Cavaliers,Clippers,99,121,,,,0,,,,,,,,,,2,,0,Cleveland,OH,1,199,,,,-5.0,"25,24,25,25","33,19,36,33"
nba:401267491,nba,2021-02-04T01:00Z,final,14,27,Heat,Wizards,100,103,,,,0,,,,,,,,,,2,,0,Miami,FL,1,2,,,,-5.0,"34,31,17,18","31,24,22,26"
nba:401267492,nba,2021-02-04T01:00Z,final,4,18,Bulls,Knicks,103,107,,,,0,,,,,,,,,,2,,0,Chicago,IL,1,179,,,,-6.0,"17,35,24,27","34,29,28,16"
nba:401267493,nba,2021-02-04T01:00Z,final,25,10,Thunder,Rockets,104,87,,,,0,,,,,,,,,,2,,0,Oklahoma City,OK,1,366,,,,-6.0,"30,24,27,23","25,18,15,29"
nba:401267494,nba,2021-02-04T01:30Z,final,24,16,Spurs,Timberwolves,111,108,,,,0,,,,,,,,,,2,,0,San Antonio,TX,1,198,,,,-6.0,"29,25,25,32","33,32,25,18"
nba:401267495,nba,2021-02-04T02:30Z,final,3,21,Pelicans,Suns,123,101,,,,0,,,,,,,,,,2,,0,New Orleans,LA,1,0,,,,-6.0,"28,20,40,35","25,21,28,27"
nba:401267496,nba,2021-02-04T03:00Z,final,23,2,Kings,Celtics,116,111,,,,0,,,,,,,,,,2,,0,Sacramento,CA,1,9,,,,-8.0,"22,30,29,35","26,25,31,29"
nba:401267498,nba,2021-02-05T00:30Z,final,1,26,Hawks,Jazz,91,112,,,,0,,,,,,,,,,2,,0,Atlanta,GA,1,320,,,,-5.0,"16,21,26,28","20,25,35,32"
nba:401267499,nba,2021-02-05T00:30Z,final,6,9,Mavericks,Warriors,116,147,,,,0,,,,,,,,,,2,,0,Dallas,TX,1,128,,,,-6.0,"34,42,20,20","36,38,36,37"
nba:401267497,nba,2021-02-05T01:00Z,final,20,22,76ers,Trail Blazers,105,121,,,,0,,,,,,,,,,2,,0,Philadelphia,PA,1,12,,,,-5.0,"28,29,19,29","28,29,40,24"
nba:401267500,nba,2021-02-05T02:00Z,final,29,10,Grizzlies,Rockets,103,115,,,,0,,,,,,,,,,2,,0,Memphis,TN,1,78,,,,-6.0,"27,20,23,33","27,33,27,28"
nba:401267501,nba,2021-02-05T03:00Z,final,13,7,Lakers,Nuggets,114,93,,,,0,,,,,,,,,,2,,0,Los Angeles,CA,1,89,,,,-8.0,"27,19,37,31","30,28,17,18"
nba:401267503,nba,2021-02-06T00:00Z,final,11,3,Pacers,Pelicans,113,114,,,,0,,,,,,,,,,2,,0,Indianapolis,IN,1,218,,,,-5.0,"30,18,27,38","27,30,29,28"
nba:401267504,nba,2021-02-06T00:00Z,final,19,4,Magic,Bulls,123,119,,,,0,,,,,,,,,,2,,0,Orlando,FL,1,30,,,,-5.0,"33,33,26,31","31,25,25,38"
nba:401267505,nba,2021-02-06T00:30Z,final,17,28,Nets,Raptors,117,123,,,,0,,,,,,,,,,2,,0,Brooklyn,NY,1,15,,,,-5.0,"23,40,27,27","34,33,25,31"
nba:401267506,nba,2021-02-06T00:30Z,final,5,15,Cavaliers,Bucks,105,123,,,,0,,,,,,,,,,2,,0,Cleveland,OH,1,199,,,,-5.0,"33,30,26,16","26,34,34,29"
nba:401267502,nba,2021-02-06T01:00Z,final,30,26,Hornets,Jazz,121,138,,,,0,,,,,,,,,,2,,0,Charlotte,NC,1,229,,,,-5.0,"32,22,36,31","30,39,37,32"
nba:401267507,nba,2021-02-06T01:00Z,final,14,27,Heat,Wizards,122,95,,,,0,,,,,,,,,,2,,0,Miami,FL,1,2,,,,-5.0,"40,31,35,16","27,16,27,25"
nba:401267508,nba,2021-02-06T01:00Z,final,25,16,Thunder,Timberwolves,103,106,,,,0,,,,,,,,,,2,,0,Oklahoma City,OK,1,366,,,,-6.0,"23,32,21,27","25,26,34,21"
nba:401267509,nba,2021-02-06T02:00Z,final,21,8,Suns,Pistons,109,92,,,,0,,,,,,,,,,2,,0,Phoenix,AZ,1,331,,,,-7.0,"27,30,30,22","24,20,24,24"
nba:401267510,nba,2021-02-06T03:00Z,final,12,2,Clippers,Celtics,115,119,,,,0,,,,,,,,,,2,,0,Los Angeles,CA,1,89,,,,-8.0,"33,29,20,33","21,30,38,30"
nba:401267511,nba,2021-02-06T18:00Z,final,18,22,Knicks,Trail Blazers,110,99,,,,0,,,,,,,,,,2,,0,New York,NY,1,10,,,,-5.0,"26,31,27,26","31,20,25,23"
nba:401267512,nba,2021-02-06T22:00Z,final,23,7,Kings,Nuggets,119,114,,,,0,,,,,,,,,,2,,0,Sacramento,CA,1,9,,,,-8.0,"26,27,34,32","25,27,29,33"
nba:401267513,nba,2021-02-07T00:00Z,final,19,4,Magic,Bulls,92,118,,,,0,,,,,,,,,,2,,0,Orlando,FL,1,30,,,,-5.0,"31,12,21,28","31,30,34,23"
nba:401267514,nba,2021-02-07T01:00Z,final,20,17,76ers,Nets,124,108,,,,0,,,,,,,,,,2,,0,Philadelphia,PA,1,12,,,,-5.0,"34,25,43,22","29,27,30,22"
nba:401267516,nba,2021-02-07T01:00Z,final,1,28,Hawks,Raptors,132,121,,,,0,,,,,,,,,,2,,0,Atlanta,GA,1,320,,,,-5.0,"28,38,35,31","34,29,31,27"
nba:401267517,nba,2021-02-07T01:00Z,final,5,15,Cavaliers,Bucks,99,124,,,,0,,,,,,,,,,2,,0,Cleveland,OH,1,199,,,,-5.0,"22,32,23,22","25,34,35,30"
nba:401267518,nba,2021-02-07T01:00Z,final,10,24,Rockets,Spurs,106,111,,,,0,,,,,,,,,,2,,0,Houston,TX,1,12,,,,-6.0,"23,24,30,29","29,22,33,27"
nba:401267519,nba,2021-02-07T01:00Z,final,25,16,Thunder,Timberwolves,120,118,,,,0,,,,,,,,,,2,,0,Oklahoma City,OK,1,366,,,,-6.0,"43,40,13,24","24,38,32,24"
nba:401267520,nba,2021-02-07T01:30Z,final,6,9,Mavericks,Warriors,134,132,,,,0,,,,,,,,,,2,,0,Dallas,TX,1,128,,,,-6.0,"35,37,34,28","31,33,37,31"
nba:401267515,nba,2021-02-07T02:00Z,final,3,29,Pelicans,Grizzlies,118,109,,,,0,,,,,,,,,,2,,0,New Orleans,LA,1,0,,,,-6.0,"31,29,30,28","33,28,30,18"
nba:401267521,nba,2021-02-07T03:00Z,final,13,8,Lakers,Pistons,135,129,,,,0,,,,,,,,,,2,,0,Los Angeles,CA,1,89,,,,-8.0,"27,36,25,18,12,17","29,25,24,28,12,11"
nba:401267523,nba,2021-02-07T18:00Z,final,11,26,Pacers,Jazz,95,103,,,,0,,,,,,,,,,2,,0,Indianapolis,IN,1,218,,,,-5.0,"20,27,21,27","25,22,28,28"
nba:401267524,nba,2021-02-07T18:00Z,final,18,14,Knicks,Heat,103,109,,,,0,,,,,,,,,,2,,0,New York,NY,1,10,,,,-5.0,"23,36,18,26","25,35,22,27"
nba:401282286,nba,2021-02-07T18:00Z,final,30,27,Hornets,Wizards,119,97,,,,0,,,,,,,,,,2,,0,Charlotte,NC,1,229,,,,-5.0,"34,35,33,17","31,21,21,24"
nba:401267525,nba,2021-02-07T19:00Z,final,21,2,Suns,Celtics,100,91,,,,0,,,,,,,,,,2,,0,Phoenix,AZ,1,331,,,,-7.0,"27,25,24,24","19,30,19,23"
nba:401267526,nba,2021-02-07T20:00Z,final,12,23,Clippers,Kings,110,113,,,,0,,,,,,,,,,2,,0,Los Angeles,CA,1,89,,,,-8.0,"24,27,29,30","22,32,25,34"
nba:401267527,nba,2021-02-09T00:00Z,final,30,10,Hornets,Rockets,119,94,,,,0,,,,,,,,,,2,,0,Charlotte,NC,1,229,,,,-5.0,"32,32,26,29","27,33,27,7"
nba:401267528,nba,2021-02-09T01:00Z,final,4,27,Bulls,Wizards,101,105,,,,0,,,,,,,,,,2,,0,Chicago,IL,1,179,,,,-6.0,"27,21,30,23","24,34,25,22"
nba:401267529,nba,2021-02-09T01:00Z,final,29,28,Grizzlies,Raptors,113,128,,,,0,,,,,,,,,,2,,0,Memphis,TN,1,78,,,,-6.0,"34,36,27,16","35,28,31,34"
nba:401267530,nba,2021-02-09T01:30Z,final,6,16,Mavericks,Timberwolves,127,122,,,,0,,,,,,,,,,2,,0,Dallas,TX,1,128,,,,-6.0,"43,28,24,32","22,29,26,45"
nba:401267531,nba,2021-02-09T01:30Z,final,24,9,Spurs,Warriors,105,100,,,,0,,,,,,,,,,2,,0,San Antonio,TX,1,198,,,,-6.0,"27,27,24,27","36,23,21,20"
nba:401267532,nba,2021-02-09T02:00Z,final,21,5,Suns,Cavaliers,119,113,,,,0,,,,,,,,,,2,,0,Phoenix,AZ,1,331,,,,-7.0,"34,30,25,30","28,33,30,22"
nba:401267533,nba,2021-02-09T02:30Z,final,7,15,Nuggets,Bucks,112,125,,,,0,,,,,,,,,,2,,0,Denver,CO,1,1609,,,,-7.0,"42,20,26,24","37,22,34,32"
nba:401267534,nba,2021-02-09T03:00Z,final,13,25,Lakers,Thunder,119,112,,,,0,,,,,,,,,,2,,0,Los Angeles,CA,1,89,,,,-8.0,"26,30,20,34,9","33,27,24,26,2"
nba:401267535,nba,2021-02-10T00:00Z,final,8,17,Pistons,Nets,122,111,,,,0,,,,,,,,,,2,,0,Detroit,MI,1,183,,,,-5.0,"38,25,31,28","26,28,32,25"
nba:401267536,nba,2021-02-10T00:30Z,final,14,18,Heat,Knicks,98,96,,,,0,,,,,,,,,,2,,0,Miami,FL,1,2,,,,-5.0,"27,30,19,22","25,30,27,14"
nba:401267537,nba,2021-02-10T00:30Z,final,3,10,Pelicans,Rockets,130,101,,,,0,,,,,,,,,,2,,0,New Orleans,LA,1,0,,,,-6.0,"30,33,29,38","25,25,31,20"
nba:401267538,nba,2021-02-10T01:30Z,final,24,9,Spurs,Warriors,91,114,,,,0,,,,,,,,,,2,,0,San Antonio,TX,1,198,,,,-6.0,"26,24,20,21","28,22,36,28"
nba:401267539,nba,2021-02-10T03:00Z,final,26,2,Jazz,Celtics,122,108,,,,0,,,,,,,,,,2,,0,Salt Lake City,UT,1,1299,,,,-7.0,"24,24,42,32","27,20,32,29"
nba:401267540,nba,2021-02-10T03:00Z,final,22,19,Trail Blazers,Magic,106,97,,,,0,,,,,,,,,,2,,0,Portland,OR,1,12,,,,-8.0,"31,19,34,22","19,24,30,24"
nba:401267541,nba,2021-02-10T03:00Z,final,23,20,Kings,76ers,111,119,,,,0,,,,,,,,,,2,,0,Sacramento,CA,1,9,,,,-8.0,"32,39,20,20","42,24,21,32"
nba:401267542,nba,2021-02-11T00:00Z,final,27,28,Wizards,Raptors,115,137,,,,0,,,,,,,,,,2,,0,Washington,DC,1,,,,,,"28,33,32,22","40,34,29,34"
nba:401267544,nba,2021-02-11T00:30Z,final,6,1,Mavericks,Hawks,118,117,,,,0,,,,,,,,,,2,,0,Dallas,TX,1,128,,,,-6.0,"33,19,29,37","32,30,28,27"
nba:401267543,nba,2021-02-11T01:00Z,final,17,11,Nets,Pacers,104,94,,,,0,,,,,,,,,,2,,0,Brooklyn,NY,1,15,,,,-5.0,"27,35,20,22","18,12,32,32"
nba:401267546,nba,2021-02-11T01:00Z,final,29,30,Grizzlies,Hornets,130,114,,,,0,,,,,,,,,,2,,0,Memphis,TN,1,78,,,,-6.0,"34,36,31,29","38,30,15,31"
nba:401267547,nba,2021-02-11T01:00Z,final,16,12,Timberwolves,Clippers,112,119,,,,0,,,,,,,,,,2,,0,Minneapolis,MN,1,253,,,,-6.0,"32,21,20,39","27,20,33,39"
nba:401267545,nba,2021-02-11T02:00Z,final,4,3,Bulls,Pelicans,129,116,,,,0,,,,,,,,,,2,,0,Chicago,IL,1,179,,,,-6.0,"44,22,40,23","34,40,14,28"
nba:401267548,nba,2021-02-11T02:00Z,final,7,5,Nuggets,Cavaliers,133,95,,,,0,,,,,,,,,,2,,0,Denver,CO,1,1609,,,,-7.0,"34,30,36,33","17,26,23,29"
nba:401267549,nba,2021-02-11T03:00Z,final,21,15,Suns,Bucks,125,124,,,,0,,,,,,,,,,2,,0,Phoenix,AZ,1,331,,,,-7.0,"32,27,39,27","32,39,30,23"
nba:401267550,nba,2021-02-11T03:00Z,final,13,25,Lakers,Thunder,114,113,,,,0,,,,,,,,,,2,,0,Los Angeles,CA,1,89,,,,-8.0,"23,34,23,25,9","37,30,17,21,8"
nba:401267552,nba,2021-02-12T00:30Z,final,10,14,Rockets,Heat,94,101,,,,0,,,,,,,,,,2,,0,Houston,TX,1,12,,,,-6.0,"29,24,10,31","19,28,28,26"
nba:401267558,nba,2021-02-12T00:30Z,final,2,28,Celtics,Raptors,120,106,,,,0,,,,,,,,,,2,,0,Boston,MA,1,14,,,,-5.0,"34,32,22,32","29,27,24,26"
nba:401267551,nba,2021-02-12T01:00Z,final,8,11,Pistons,Pacers,95,111,,,,0,,,,,,,,,,2,,0,Detroit,MI,1,183,,,,-5.0,"19,33,18,25","28,24,30,29"
nba:401267553,nba,2021-02-12T03:00Z,final,9,19,Warriors,Magic,111,105,,,,0,,,,,,,,,,2,,0,San Francisco,CA,1,16,,,,-8.0,"29,18,37,27","19,36,25,25"
nba:401267554,nba,2021-02-12T03:00Z,final,22,20,Trail Blazers,76ers,118,114,,,,0,,,,,,,,,,2,,0,Portland,OR,1,12,,,,-8.0,"37,23,29,29","36,27,30,21"
nba:401267555,nba,2021-02-13T00:00Z,final,30,16,Hornets,Timberwolves,120,114,,,,0,,,,,,,,,,2,,0,Charlotte,NC,1,229,,,,-5.0,"25,35,30,30","30,29,26,29"
nba:401267556,nba,2021-02-13T00:00Z,final,27,18,Wizards,Knicks,91,109,,,,0,,,,,,,,,,2,,0,Washington,DC,1,,,,,,"23,19,22,27","30,23,26,30"
nba:401267557,nba,2021-02-13T00:30Z,final,1,24,Hawks,Spurs,114,125,,,,0,,,,,,,,,,2,,0,Atlanta,GA,1,320,,,,-5.0,"29,19,24,42","36,41,33,15"
nba:401267559,nba,2021-02-13T00:30Z,final,6,3,Mavericks,Pelicans,143,130,,,,0,,,,,,,,,,2,,0,Dallas,TX,1,128,,,,-6.0,"27,42,39,35","34,31,36,29"
nba:401267560,nba,2021-02-13T01:00Z,final,4,12,Bulls,Clippers,106,125,,,,0,,,,,,,,,,2,,0,Chicago,IL,1,179,,,,-6.0,"25,29,24,28","30,28,32,35"
nba:401267572,nba,2021-02-13T01:00Z,final,2,8,Celtics,Pistons,102,108,,,,0,,,,,,,,,,2,,0,Boston,MA,1,14,,,,-5.0,"23,29,20,30","27,27,28,26"
nba:401267561,nba,2021-02-13T02:00Z,final,7,25,Nuggets,Thunder,97,95,,,,0,,,,,,,,,,2,,0,Denver,CO,1,1609,,,,-7.0,"16,24,30,27","28,25,26,16"
nba:401267562,nba,2021-02-13T02:00Z,final,26,15,Jazz,Bucks,129,115,,,,0,,,,,,,,,,2,,0,Salt Lake City,UT,1,1299,,,,-7.0,"35,34,27,33","31,21,30,33"
nba:401267563,nba,2021-02-13T03:00Z,final,13,29,Lakers,Grizzlies,115,105,,,,0,,,,,,,,,,2,,0,Los Angeles,CA,1,89,,,,-8.0,"16,30,41,28","31,28,23,23"
nba:401267564,nba,2021-02-13T03:00Z,final,22,5,Trail Blazers,Cavaliers,129,110,,,,0,,,,,,,,,,2,,0,Portland,OR,1,12,,,,-8.0,"34,39,27,29","23,29,25,33"
nba:401267565,nba,2021-02-13T03:00Z,final,23,19,Kings,Magic,112,123,,,,0,,,,,,,,,,2,,0,Sacramento,CA,1,9,,,,-8.0,"33,26,28,25","33,31,33,26"
nba:401267566,nba,2021-02-13T20:00Z,final,21,20,Suns,76ers,120,111,,,,0,,,,,,,,,,2,,0,Phoenix,AZ,1,331,,,,-7.0,"23,30,33,34","28,25,28,30"
nba:401267567,nba,2021-02-14T00:30Z,final,1,11,Hawks,Pacers,113,125,,,,0,,,,,,,,,,2,,0,Atlanta,GA,1,320,,,,-5.0,"26,32,29,26","27,35,22,41"
nba:401267568,nba,2021-02-14T01:00Z,final,18,10,Knicks,Rockets,121,99,,,,0,,,,,,,,,,2,,0,New York,NY,1,10,,,,-5.0,"30,33,24,34","25,22,28,24"
nba:401267569,nba,2021-02-14T01:30Z,final,9,17,Warriors,Nets,117,134,,,,0,,,,,,,,,,2,,0,San Francisco,CA,1,16,,,,-8.0,"28,23,31,35","37,29,42,26"
nba:401267570,nba,2021-02-14T02:00Z,final,26,14,Jazz,Heat,112,94,,,,0,,,,,,,,,,2,,0,Salt Lake City,UT,1,1299,,,,-7.0,"18,29,31,34","21,21,15,37"
nba:401282752,nba,2021-02-14T18:00Z,final,27,2,Wizards,Celtics,104,91,,,,0,,,,,,,,,,2,,0,Washington,DC,1,,,,,,"29,26,34,15","22,21,24,24"
nba:401267573,nba,2021-02-15T00:00Z,final,28,16,Raptors,Timberwolves,112,116,,,,0,,,,,,,,,,2,,0,Tampa,FL,1,,,,,,"26,32,25,29","27,27,37,25"
nba:401267574,nba,2021-02-15T00:00Z,final,30,24,Hornets,Spurs,110,122,,,,0,,,,,,,,,,2,,0,Charlotte,NC,1,229,,,,-5.0,"33,26,30,21","17,47,25,33"
nba:401282833,nba,2021-02-15T00:00Z,final,8,3,Pistons,Pelicans,123,112,,,,0,,,,,,,,,,2,,0,Detroit,MI,1,183,,,,-5.0,"30,34,33,26","40,22,27,23"
nba:401267571,nba,2021-02-15T00:30Z,final,6,22,Mavericks,Trail Blazers,118,121,,,,0,,,,,,,,,,2,,0,Dallas,TX,1,128,,,,-6.0,"25,36,30,27","34,24,45,18"
nba:401267575,nba,2021-02-15T01:00Z,final,25,15,Thunder,Bucks,114,109,,,,0,,,,,,,,,,2,,0,Oklahoma City,OK,1,366,,,,-6.0,"24,28,29,33","24,17,40,28"
nba:401267577,nba,2021-02-15T02:00Z,final,21,19,Suns,Magic,109,90,,,,0,,,,,,,,,,2,,0,Phoenix,AZ,1,331,,,,-7.0,"28,24,32,25","16,19,25,30"
nba:401267576,nba,2021-02-15T03:00Z,final,7,13,Nuggets,Lakers,122,105,,,,0,,,,,,,,,,2,,0,Denver,CO,1,1609,,,,-7.0,"33,40,30,19","33,28,24,20"
nba:401267578,nba,2021-02-15T03:00Z,final,23,29,Kings,Grizzlies,110,124,,,,0,,,,,,,,,,2,,0,Sacramento,CA,1,9,,,,-8.0,"22,24,33,31","30,32,37,25"
nba:401267579,nba,2021-02-15T03:00Z,final,12,5,Clippers,Cavaliers,128,111,,,,0,,,,,,,,,,2,,0,Los Angeles,CA,1,89,,,,-8.0,"32,38,36,22","24,34,30,23"
nba:401267580,nba,2021-02-16T00:00Z,final,11,4,Pacers,Bulls,112,120,,,,0,,,,,,,,,,2,,0,Indianapolis,IN,1,218,,,,-5.0,"21,23,26,35,7","24,25,30,26,15"
nba:401267581,nba,2021-02-16T00:00Z,final,27,10,Wizards,Rockets,131,119,,,,0,,,,,,,,,,2,,0,Washington,DC,1,,,,,,"38,34,28,31","34,35,20,30"
nba:401267582,nba,2021-02-16T00:30Z,final,18,1,Knicks,Hawks,123,112,,,,0,,,,,,,,,,2,,0,New York,NY,1,10,,,,-5.0,"39,27,29,28","28,35,27,22"
nba:401267583,nba,2021-02-16T02:00Z,final,26,20,Jazz,76ers,134,123,,,,0,,,,,,,,,,2,,0,Salt Lake City,UT,1,1299,,,,-7.0,"35,37,34,28","42,24,28,29"
nba:401267584,nba,2021-02-16T03:00Z,final,9,5,Warriors,Cavaliers,129,98,,,,0,,,,,,,,,,2,,0,San Francisco,CA,1,16,,,,-8.0,"32,32,37,28","32,22,30,14"
nba:401267585,nba,2021-02-16T03:00Z,final,12,14,Clippers,Heat,125,118,,,,0,,,,,,,,,,2,,0,Los Angeles,CA,1,89,,,,-8.0,"33,34,25,33","35,27,29,27"
nba:401267586,nba,2021-02-16T03:00Z,final,23,17,Kings,Nets,125,136,,,,0,,,,,,,,,,2,,0,Sacramento,CA,1,9,,,,-8.0,"37,31,20,37","36,38,33,29"
nba:401267587,nba,2021-02-17T00:00Z,final,2,7,Celtics,Nuggets,112,99,,,,0,,,,,,,,,,2,,0,Boston,MA,1,14,,,,-5.0,"30,29,27,26","26,28,21,24"
nba:401267588,nba,2021-02-17T00:00Z,void,8,24,Pistons,Spurs,,,,,,0,,,,,,,,,,2,,0,Detroit,MI,1,183,,,,-5.0,,
nba:401267589,nba,2021-02-17T01:00Z,final,29,3,Grizzlies,Pelicans,113,144,,,,0,,,,,,,,,,2,,0,Memphis,TN,1,78,,,,-6.0,"32,26,23,32","29,34,38,43"
nba:401267590,nba,2021-02-17T01:00Z,final,15,28,Bucks,Raptors,113,124,,,,0,,,,,,,,,,2,,0,Milwaukee,WI,1,188,,,,-6.0,"33,31,27,22","33,31,30,30"
nba:401267591,nba,2021-02-17T01:00Z,final,16,13,Timberwolves,Lakers,104,112,,,,0,,,,,,,,,,2,,0,Minneapolis,MN,1,253,,,,-6.0,"27,29,28,20","30,27,29,26"
nba:401267592,nba,2021-02-17T01:00Z,final,25,22,Thunder,Trail Blazers,104,115,,,,0,,,,,,,,,,2,,0,Oklahoma City,OK,1,366,,,,-6.0,"21,29,29,25","34,30,29,22"
nba:401267593,nba,2021-02-17T03:30Z,final,21,17,Suns,Nets,124,128,,,,0,,,,,,,,,,2,,0,Phoenix,AZ,1,331,,,,-7.0,"33,42,25,24","22,32,34,40"
nba:401267596,nba,2021-02-18T00:00Z,final,19,18,Magic,Knicks,107,89,,,,0,,,,,,,,,,2,,0,Orlando,FL,1,30,,,,-5.0,"23,30,30,24","32,24,14,19"
nba:401267598,nba,2021-02-18T00:30Z,final,2,1,Celtics,Hawks,114,122,,,,0,,,,,,,,,,2,,0,Boston,MA,1,14,,,,-5.0,"35,21,25,33","33,29,28,32"
nba:401267599,nba,2021-02-18T00:30Z,final,20,10,76ers,Rockets,118,113,,,,0,,,,,,,,,,2,,0,Philadelphia,PA,1,12,,,,-5.0,"38,31,27,22","24,19,36,34"
nba:401267595,nba,2021-02-18T01:00Z,void,5,24,Cavaliers,Spurs,,,,,,0,,,,,,,,,,2,,0,Cleveland,OH,1,199,,,,-5.0,,
nba:401267597,nba,2021-02-18T01:00Z,final,27,7,Wizards,Nuggets,130,128,,,,0,,,,,,,,,,2,,0,Washington,DC,1,,,,,,"24,46,30,30","41,23,29,35"
nba:401267600,nba,2021-02-18T01:00Z,final,16,11,Timberwolves,Pacers,128,134,,,,0,,,,,,,,,,2,,0,Minneapolis,MN,1,253,,,,-6.0,"33,40,19,29,7","39,30,17,35,13"
nba:401299015,nba,2021-02-18T01:00Z,final,4,8,Bulls,Pistons,105,102,,,,0,,,,,,,,,,2,,0,Chicago,IL,1,179,,,,-6.0,"27,16,27,35","35,26,12,29"
nba:401267601,nba,2021-02-18T02:00Z,final,3,22,Pelicans,Trail Blazers,124,126,,,,0,,,,,,,,,,2,,0,New Orleans,LA,1,0,,,,-6.0,"30,39,22,33","35,24,35,32"
nba:401283399,nba,2021-02-18T02:00Z,final,29,25,Grizzlies,Thunder,122,113,,,,0,,,,,,,,,,2,,0,Memphis,TN,1,78,,,,-6.0,"30,27,29,36","31,25,29,28"
nba:401267603,nba,2021-02-18T03:00Z,final,9,14,Warriors,Heat,120,112,,,,0,,,,,,,,,,2,,0,San Francisco,CA,1,16,,,,-8.0,"24,22,30,29,15","36,25,25,19,7"
nba:401267604,nba,2021-02-18T03:00Z,final,12,26,Clippers,Jazz,96,114,,,,0,,,,,,,,,,2,,0,Los Angeles,CA,1,89,,,,-8.0,"25,26,24,21","24,22,35,33"
nba:401267605,nba,2021-02-19T00:30Z,final,15,28,Bucks,Raptors,96,110,,,,0,,,,,,,,,,2,,0,Milwaukee,WI,1,188,,,,-6.0,"26,15,31,24","33,25,27,25"
nba:401267606,nba,2021-02-19T03:00Z,final,13,17,Lakers,Nets,98,109,,,,0,,,,,,,,,,2,,0,Los Angeles,CA,1,89,,,,-8.0,"24,29,21,24","31,33,26,19"
nba:401267607,nba,2021-02-19T03:00Z,final,23,14,Kings,Heat,110,118,,,,0,,,,,,,,,,2,,0,Sacramento,CA,1,9,,,,-8.0,"21,22,36,31","31,26,32,29"
nba:401267609,nba,2021-02-20T00:00Z,final,19,9,Magic,Warriors,124,120,,,,0,,,,,,,,,,2,,0,Orlando,FL,1,30,,,,-5.0,"37,27,29,31","34,17,43,26"
nba:401297409,nba,2021-02-20T00:00Z,final,5,7,Cavaliers,Nuggets,103,120,,,,0,,,,,,,,,,2,,0,Cleveland,OH,1,199,,,,-5.0,"23,27,30,23","33,36,26,25"
nba:401267610,nba,2021-02-20T00:30Z,final,20,4,76ers,Bulls,112,105,,,,0,,,,,,,,,,2,,0,Philadelphia,PA,1,12,,,,-5.0,"32,26,27,27","30,23,26,26"
nba:401267611,nba,2021-02-20T00:30Z,final,2,1,Celtics,Hawks,121,109,,,,0,,,,,,,,,,2,,0,Boston,MA,1,14,,,,-5.0,"33,33,32,23","22,19,32,36"
nba:401267612,nba,2021-02-20T01:00Z,final,29,8,Grizzlies,Pistons,109,95,,,,0,,,,,,,,,,2,,0,Memphis,TN,1,78,,,,-6.0,"35,18,31,25","17,26,30,22"
nba:401267613,nba,2021-02-20T01:00Z,final,15,25,Bucks,Thunder,98,85,,,,0,,,,,,,,,,2,,0,Milwaukee,WI,1,188,,,,-6.0,"16,30,32,20","20,22,20,23"
nba:401267615,nba,2021-02-20T01:00Z,final,3,21,Pelicans,Suns,114,132,,,,0,,,,,,,,,,2,,0,New Orleans,LA,1,0,,,,-6.0,"34,32,36,12","33,26,32,41"
nba:401267616,nba,2021-02-20T01:00Z,void,10,6,Rockets,Mavericks,,,,,,0,,,,,,,,,,2,,0,Houston,TX,1,12,,,,-6.0,,
nba:401267614,nba,2021-02-20T02:00Z,final,16,28,Timberwolves,Raptors,81,86,,,,0,,,,,,,,,,2,,0,Minneapolis,MN,1,253,,,,-6.0,"15,20,29,17","28,17,13,28"
nba:401267617,nba,2021-02-20T03:00Z,final,12,26,Clippers,Jazz,116,112,,,,0,,,,,,,,,,2,,0,Los Angeles,CA,1,89,,,,-8.0,"31,26,22,37","23,26,26,37"
nba:401267618,nba,2021-02-20T18:00Z,void,18,24,Knicks,Spurs,,,,,,0,,,,,,,,,,2,,0,New York,NY,1,10,,,,-5.0,,
nba:401267619,nba,2021-02-21T01:00Z,final,30,9,Hornets,Warriors,102,100,,,,0,,,,,,,,,,2,,0,Charlotte,NC,1,229,,,,-5.0,"24,21,24,33","15,32,22,31"
nba:401267621,nba,2021-02-21T01:00Z,void,10,11,Rockets,Pacers,,,,,,0,,,,,,,,,,2,,0,Houston,TX,1,12,,,,-6.0,,
nba:401267623,nba,2021-02-21T01:30Z,final,13,14,Lakers,Heat,94,96,,,,0,,,,,,,,,,2,,0,Los Angeles,CA,1,89,,,,-8.0,"23,29,25,17","36,23,22,15"
nba:401267620,nba,2021-02-21T02:00Z,final,4,23,Bulls,Kings,122,114,,,,0,,,,,,,,,,2,,0,Chicago,IL,1,179,,,,-6.0,"28,40,27,27","21,37,25,31"
nba:401267622,nba,2021-02-21T02:00Z,final,29,21,Grizzlies,Suns,97,128,,,,0,,,,,,,,,,2,,0,Memphis,TN,1,78,,,,-6.0,"15,19,30,33","28,37,31,32"
nba:401267624,nba,2021-02-21T03:00Z,final,22,27,Trail Blazers,Wizards,111,118,,,,0,,,,,,,,,,2,,0,Portland,OR,1,12,,,,-8.0,"43,12,37,19","31,30,28,29"
nba:401267625,nba,2021-02-21T20:30Z,final,3,2,Pelicans,Celtics,120,115,,,,0,,,,,,,,,,2,,0,New Orleans,LA,1,0,,,,-6.0,"28,19,27,34,12","30,33,24,21,7"
nba:401267626,nba,2021-02-22T00:00Z,final,5,25,Cavaliers,Thunder,101,117,,,,0,,,,,,,,,,2,,0,Cleveland,OH,1,199,,,,-5.0,"28,23,24,26","31,31,24,31"
nba:401267627,nba,2021-02-22T00:00Z,final,19,8,Magic,Pistons,105,96,,,,0,,,,,,,,,,2,,0,Orlando,FL,1,30,,,,-5.0,"28,28,27,22","26,22,28,20"
nba:401267628,nba,2021-02-22T00:00Z,final,28,20,Raptors,76ers,110,103,,,,0,,,,,,,,,,2,,0,Tampa,FL,1,,,,,,"28,24,31,27","24,31,29,19"
nba:401267629,nba,2021-02-22T00:00Z,final,18,16,Knicks,Timberwolves,103,99,,,,0,,,,,,,,,,2,,0,New York,NY,1,10,,,,-5.0,"30,31,26,16","18,32,21,28"
nba:401267630,nba,2021-02-22T00:30Z,final,1,7,Hawks,Nuggets,123,115,,,,0,,,,,,,,,,2,,0,Atlanta,GA,1,320,,,,-5.0,"27,37,29,30","33,23,20,39"
nba:401267632,nba,2021-02-22T01:00Z,final,12,17,Clippers,Nets,108,112,,,,0,,,,,,,,,,2,,0,Los Angeles,CA,1,89,,,,-8.0,"30,21,28,29","28,30,31,23"
nba:401267631,nba,2021-02-22T02:00Z,final,15,23,Bucks,Kings,128,115,,,,0,,,,,,,,,,2,,0,Milwaukee,WI,1,188,,,,-6.0,"28,42,29,29","25,31,26,33"
nba:401267633,nba,2021-02-23T00:00Z,void,11,24,Pacers,Spurs,,,,,,0,,,,,,,,,,2,,0,Indianapolis,IN,1,218,,,,-5.0,,
nba:401267634,nba,2021-02-23T01:00Z,final,10,4,Rockets,Bulls,100,120,,,,0,,,,,,,,,,2,,0,Houston,TX,1,12,,,,-6.0,"24,24,26,26","29,25,46,20"
nba:401267636,nba,2021-02-23T01:30Z,final,6,29,Mavericks,Grizzlies,102,92,,,,0,,,,,,,,,,2,,0,Dallas,TX,1,128,,,,-6.0,"26,28,27,21","13,23,26,30"
nba:401267635,nba,2021-02-23T02:00Z,final,25,14,Thunder,Heat,94,108,,,,0,,,,,,,,,,2,,0,Oklahoma City,OK,1,366,,,,-6.0,"21,33,23,17","23,22,34,29"
nba:401267637,nba,2021-02-23T02:00Z,final,21,22,Suns,Trail Blazers,132,100,,,,0,,,,,,,,,,2,,0,Phoenix,AZ,1,331,,,,-7.0,"32,31,37,32","26,28,17,29"
nba:401267638,nba,2021-02-23T02:00Z,final,26,30,Jazz,Hornets,132,110,,,,0,,,,,,,,,,2,,0,Salt Lake City,UT,1,1299,,,,-7.0,"35,29,27,41","35,32,23,20"
nba:401267639,nba,2021-02-23T03:00Z,final,13,27,Lakers,Wizards,124,127,,,,0,,,,,,,,,,2,,0,Los Angeles,CA,1,89,,,,-8.0,"33,30,23,29,9","23,26,31,35,12"
nba:401267640,nba,2021-02-24T00:00Z,final,5,1,Cavaliers,Hawks,112,111,,,,0,,,,,,,,,,2,,0,Cleveland,OH,1,199,,,,-5.0,"28,30,26,28","27,28,29,27"
nba:401267641,nba,2021-02-24T00:00Z,final,19,8,Magic,Pistons,93,105,,,,0,,,,,,,,,,2,,0,Orlando,FL,1,30,,,,-5.0,"24,27,14,28","34,19,26,26"
nba:401267642,nba,2021-02-24T00:30Z,final,17,23,Nets,Kings,127,118,,,,0,,,,,,,,,,2,,0,Brooklyn,NY,1,15,,,,-5.0,"42,30,26,29","28,38,30,22"
nba:401267643,nba,2021-02-24T00:30Z,final,18,9,Knicks,Warriors,106,114,,,,0,,,,,,,,,,2,,0,New York,NY,1,10,,,,-5.0,"31,28,26,21","36,19,39,20"
nba:401267644,nba,2021-02-24T00:30Z,final,28,20,Raptors,76ers,102,109,,,,0,,,,,,,,,,2,,0,Tampa,FL,1,,,,,,"18,24,23,37","37,18,24,30"
nba:401267645,nba,2021-02-24T00:30Z,final,6,2,Mavericks,Celtics,110,107,,,,0,,,,,,,,,,2,,0,Dallas,TX,1,128,,,,-6.0,"34,21,25,30","31,25,20,31"
nba:401267646,nba,2021-02-24T01:00Z,final,15,16,Bucks,Timberwolves,139,112,,,,0,,,,,,,,,,2,,0,Milwaukee,WI,1,188,,,,-6.0,"38,41,34,26","36,26,27,23"
nba:401267647,nba,2021-02-24T03:00Z,final,7,22,Nuggets,Trail Blazers,111,106,,,,0,,,,,,,,,,2,,0,Denver,CO,1,1609,,,,-7.0,"34,23,21,33","25,32,21,28"
nba:401267648,nba,2021-02-24T03:00Z,final,12,27,Clippers,Wizards,135,116,,,,0,,,,,,,,,,2,,0,Los Angeles,CA,1,89,,,,-8.0,"36,36,27,36","20,35,39,22"
nba:401267649,nba,2021-02-25T00:30Z,final,11,9,Pacers,Warriors,107,111,,,,0,,,,,,,,,,2,,0,Indianapolis,IN,1,218,,,,-5.0,"22,36,22,27","25,31,28,27"
nba:401267650,nba,2021-02-25T00:30Z,final,1,2,Hawks,Celtics,127,112,,,,0,,,,,,,,,,2,,0,Atlanta,GA,1,320,,,,-5.0,"40,32,27,28","27,22,29,34"
nba:401267651,nba,2021-02-25T00:30Z,final,5,10,Cavaliers,Rockets,112,96,,,,0,,,,,,,,,,2,,0,Cleveland,OH,1,199,,,,-5.0,"27,21,34,30","17,33,24,22"
nba:401267652,nba,2021-02-25T01:00Z,final,14,28,Heat,Raptors,116,108,,,,0,,,,,,,,,,2,,0,Miami,FL,1,2,,,,-5.0,"32,34,26,24","35,21,29,23"
nba:401267653,nba,2021-02-25T01:00Z,final,4,16,Bulls,Timberwolves,133,126,,,,0,,,,,,,,,,2,,0,Chicago,IL,1,179,,,,-6.0,"32,36,28,23,14","34,24,32,29,7"
nba:401267654,nba,2021-02-25T01:00Z,final,3,8,Pelicans,Pistons,128,118,,,,0,,,,,,,,,,2,,0,New Orleans,LA,1,0,,,,-6.0,"33,31,32,32","39,30,27,22"
nba:401267655,nba,2021-02-25T01:00Z,final,25,24,Thunder,Spurs,102,99,,,,0,,,,,,,,,,2,,0,Oklahoma City,OK,1,366,,,,-6.0,"28,12,36,26","21,24,28,26"
nba:401267656,nba,2021-02-25T02:00Z,final,21,30,Suns,Hornets,121,124,,,,0,,,,,,,,,,2,,0,Phoenix,AZ,1,331,,,,-7.0,"38,29,24,30","34,32,31,27"
nba:401267657,nba,2021-02-25T03:00Z,final,26,13,Jazz,Lakers,114,89,,,,0,,,,,,,,,,2,,0,Salt Lake City,UT,1,1299,,,,-7.0,"24,39,27,24","23,24,17,25"
nba:401267658,nba,2021-02-26T00:00Z,final,20,6,76ers,Mavericks,111,97,,,,0,,,,,,,,,,2,,0,Philadelphia,PA,1,12,,,,-5.0,"23,36,27,25","22,21,25,29"
nba:401267659,nba,2021-02-26T00:30Z,final,17,19,Nets,Magic,129,92,,,,0,,,,,,,,,,2,,0,Brooklyn,NY,1,15,,,,-5.0,"24,41,27,37","28,19,25,20"
nba:401267660,nba,2021-02-26T00:30Z,final,18,23,Knicks,Kings,140,121,,,,0,,,,,,,,,,2,,0,New York,NY,1,10,,,,-5.0,"38,39,24,39","29,33,32,27"
nba:401267661,nba,2021-02-26T01:00Z,final,29,12,Grizzlies,Clippers,122,94,,,,0,,,,,,,,,,2,,0,Memphis,TN,1,78,,,,-6.0,"24,37,28,33","27,26,22,19"
nba:401267662,nba,2021-02-26T02:00Z,final,7,27,Nuggets,Wizards,110,112,,,,0,,,,,,,,,,2,,0,Denver,CO,1,1609,,,,-7.0,"22,32,34,22","26,30,32,24"
nba:401267663,nba,2021-02-26T02:30Z,final,15,3,Bucks,Pelicans,129,125,,,,0,,,,,,,,,,2,,0,Milwaukee,WI,1,188,,,,-6.0,"35,34,34,26","31,37,35,22"
nba:401267665,nba,2021-02-27T00:30Z,final,2,11,Celtics,Pacers,118,112,,,,0,,,,,,,,,,2,,0,Boston,MA,1,14,,,,-5.0,"32,29,31,26","31,29,24,28"
nba:401267666,nba,2021-02-27T00:30Z,final,28,10,Raptors,Rockets,122,111,,,,0,,,,,,,,,,2,,0,Tampa,FL,1,,,,,,"30,37,28,27","31,28,21,31"
nba:401267664,nba,2021-02-27T01:00Z,final,8,23,Pistons,Kings,107,110,,,,0,,,,,,,,,,2,,0,Detroit,MI,1,183,,,,-5.0,"25,27,28,27","35,20,20,35"
nba:401267667,nba,2021-02-27T01:00Z,final,14,26,Heat,Jazz,124,116,,,,0,,,,,,,,,,2,,0,Miami,FL,1,2,,,,-5.0,"26,31,39,28","30,23,41,22"
nba:401267668,nba,2021-02-27T01:00Z,final,4,21,Bulls,Suns,97,106,,,,0,,,,,,,,,,2,,0,Chicago,IL,1,179,,,,-6.0,"26,32,23,16","26,20,28,32"
nba:401267669,nba,2021-02-27T01:00Z,final,29,12,Grizzlies,Clippers,99,119,,,,0,,,,,,,,,,2,,0,Memphis,TN,1,78,,,,-6.0,"30,17,25,27","32,31,27,29"
nba:401267670,nba,2021-02-27T01:00Z,final,25,1,Thunder,Hawks,118,109,,,,0,,,,,,,,,,2,,0,Oklahoma City,OK,1,366,,,,-6.0,"31,32,33,22","33,22,25,29"
nba:401267671,nba,2021-02-27T03:00Z,final,9,30,Warriors,Hornets,130,121,,,,0,,,,,,,,,,2,,0,San Francisco,CA,1,16,,,,-8.0,"36,30,37,27","28,23,33,37"
nba:401267672,nba,2021-02-27T03:00Z,final,13,22,Lakers,Trail Blazers,102,93,,,,0,,,,,,,,,,2,,0,Los Angeles,CA,1,89,,,,-8.0,"24,30,31,17","29,28,19,17"
nba:401267673,nba,2021-02-28T00:00Z,final,20,5,76ers,Cavaliers,109,112,,,,0,,,,,,,,,,2,,0,Philadelphia,PA,1,12,,,,-5.0,"23,24,23,22,17","28,28,16,20,20"
nba:401267677,nba,2021-02-28T00:00Z,final,27,16,Wizards,Timberwolves,128,112,,,,0,,,,,,,,,,2,,0,Washington,DC,1,,,,,,"27,27,44,30","29,23,29,31"
nba:401267674,nba,2021-02-28T01:00Z,final,24,3,Spurs,Pelicans,117,114,,,,0,,,,,,,,,,2,,0,San Antonio,TX,1,198,,,,-6.0,"33,34,26,24","32,29,22,31"
nba:401267675,nba,2021-02-28T01:00Z,final,18,11,Knicks,Pacers,110,107,,,,0,,,,,,,,,,2,,0,New York,NY,1,10,,,,-5.0,"23,31,27,29","32,20,26,29"
nba:401267676,nba,2021-02-28T01:00Z,final,19,26,Magic,Jazz,109,124,,,,0,,,,,,,,,,2,,0,Orlando,FL,1,30,,,,-5.0,"21,29,26,33","22,32,33,37"
nba:401267678,nba,2021-02-28T01:00Z,final,25,7,Thunder,Nuggets,96,126,,,,0,,,,,,,,,,2,,0,Oklahoma City,OK,1,366,,,,-6.0,"20,23,26,27","38,27,34,27"
nba:401267679,nba,2021-02-28T01:30Z,final,17,6,Nets,Mavericks,98,115,,,,0,,,,,,,,,,2,,0,Brooklyn,NY,1,15,,,,-5.0,"26,38,18,16","38,30,26,21"
nba:401267680,nba,2021-02-28T20:30Z,final,15,12,Bucks,Clippers,105,100,,,,0,,,,,,,,,,2,,0,Milwaukee,WI,1,188,,,,-6.0,"27,26,24,28","23,25,33,19"
