file,time,side,coin,qty,price,usd,fee,pnl,reason,chain,address,tier,opened,hold_h,cost_usd,ret,entry,exit,liq_entry,liq_exit,outcome
trades.csv,2026-10-07 20:50,SELL,CLAUS@ethereum:0xa606d4,5346.64923503,0.0,0.0,0.0,-50.0,"liquidity pulled 100% ($0; $355,963 expected after the price move, $355,963 at entry)",,,,,,,,,,,,
trades.csv,2026-10-07 20:50,SELL,CHIIKAWA@solana:2c1KjiyQ,56188.49832423,0.0,0.0,0.0,-48.88,"liquidity pulled 100% ($0; $114,071 expected after the price move, $141,175 at entry)",,,,,,,,,,,,
trades.csv,2026-10-07 20:50,SELL,SWORDINU@solana:2BVfJ4AH,32109.85419027,0.0,0.0,0.0,-151.38,"liquidity pulled 100% ($0; $151,504 expected after the price move, $151,504 at entry)",,,,,,,,,,,,
trades.csv,2026-10-07 20:50,SELL,A1@solana:FAopSovS,36321.84286177,0.0,0.0,0.0,-48.08,"liquidity pulled 100% ($0; $108,119 expected after the price move, $108,119 at entry)",,,,,,,,,,,,
trades.csv,2026-10-07 20:50,SELL,RARINU@solana:45VHsie7,29773.14906849,0.0,0.0,0.0,-47.07,"liquidity pulled 100% ($0; $112,985 expected after the price move, $116,744 at entry)",,,,,,,,,,,,
trades.csv,2026-10-07 20:50,SELL,CATCRAFT@solana:ADPN2aqz,26548.1030231,0.0,0.0,0.0,-47.7,"liquidity pulled 100% ($0; $77,092 expected after the price move, $125,630 at entry)",,,,,,,,,,,,
outcomes.csv,2026-10-07 20:50,,CLAUS@ethereum:0xa606d4,,,,,-50.0,"liquidity pulled 100% ($0; $355,963 expected after the price move, $355,963 at entry)",ethereum,0xa606d433971e9ee140E234Daa7c94C476e10eaD1,A,2026-10-06 00:24,44.4,50.0,-1.0,0.009323596482333005,0.0131383542,355963,0,scammed_rug
outcomes.csv,2026-10-07 20:50,,CHIIKAWA@solana:2c1KjiyQ,,,,,-48.88,"liquidity pulled 100% ($0; $114,071 expected after the price move, $141,175 at entry)",solana,2c1KjiyQow66QfsnCtoyuqfo3AuxgpBMEoAq5oiiXqdu,A,2026-10-06 09:32,35.3,48.88,-1.0,0.0008673822667637302,0.0005605036,141175,0,scammed_rug
outcomes.csv,2026-10-07 20:50,,SWORDINU@solana:2BVfJ4AH,,,,,-151.38,"liquidity pulled 100% ($0; $151,504 expected after the price move, $151,504 at entry)",solana,2BVfJ4AHMvHdKtEZNHaBr48dQzTfZvYkjaaxbM6bpump,A,2026-10-07 01:25,19.4,151.38,-1.0,0.004700302171684833,0.0195520216,151504,0,scammed_rug
outcomes.csv,2026-10-07 20:50,,A1@solana:FAopSovS,,,,,-48.08,"liquidity pulled 100% ($0; $108,119 expected after the price move, $108,119 at entry)",solana,FAopSovS2WFJK5qEAmcuwAVH98CvmBwT6Lpq4EK2pump,A,2026-10-07 01:28,19.4,48.08,-1.0,0.0013196407226686885,0.0017957315,108119,0,scammed_rug
outcomes.csv,2026-10-07 20:50,,RARINU@solana:45VHsie7,,,,,-47.07,"liquidity pulled 100% ($0; $112,985 expected after the price move, $116,744 at entry)",solana,45VHsie7CwFfPKWCw28PCdZdJWMA5Y6k56wDam9Hpump,A,2026-10-07 03:36,17.2,47.07,-1.0,0.0015762289840873867,0.0014611696,116744,0,scammed_rug
outcomes.csv,2026-10-07 20:50,,CATCRAFT@solana:ADPN2aqz,,,,,-47.7,"liquidity pulled 100% ($0; $77,092 expected after the price move, $125,630 at entry)",solana,ADPN2aqzY5RhkBC7bNQWFhTFFEYKY4drHUQG887Cpump,A,2026-10-07 04:43,16.1,47.7,-1.0,0.0017914032040387473,0.0006676315,125630,0,scammed_rug
