gid,start,team,player,role,att,cmp,yds,td,int,ip,h,r,er,bb,k,sa,ga
nfl:401772510,2025-09-05T00:20Z,6,Dak Prescott,QB,34.0,21.0,188.0,0.0,0.0,,,,,,,,
nfl:401772510,2025-09-05T00:20Z,21,Jalen Hurts,QB,23.0,19.0,152.0,0.0,0.0,,,,,,,,
nfl:401772714,2025-09-06T00:00Z,12,Patrick Mahomes,QB,39.0,24.0,258.0,1.0,0.0,,,,,,,,
nfl:401772714,2025-09-06T00:00Z,24,Justin Herbert,QB,34.0,25.0,318.0,3.0,0.0,,,,,,,,
nfl:401772718,2025-09-07T17:00Z,22,Kyler Murray,QB,29.0,21.0,163.0,2.0,0.0,,,,,,,,
nfl:401772718,2025-09-07T17:00Z,18,Spencer Rattler,QB,46.0,27.0,214.0,0.0,0.0,,,,,,,,
nfl:401772719,2025-09-07T17:00Z,15,Tua Tagovailoa,QB,23.0,14.0,114.0,1.0,2.0,,,,,,,,
nfl:401772719,2025-09-07T17:00Z,11,Daniel Jones,QB,29.0,22.0,272.0,1.0,0.0,,,,,,,,
nfl:401772720,2025-09-07T17:00Z,13,Geno Smith,QB,34.0,24.0,362.0,1.0,1.0,,,,,,,,
nfl:401772720,2025-09-07T17:00Z,17,Drake Maye,QB,46.0,30.0,287.0,1.0,1.0,,,,,,,,
nfl:401772721,2025-09-07T17:00Z,23,Aaron Rodgers,QB,30.0,22.0,244.0,4.0,0.0,,,,,,,,
nfl:401772721,2025-09-07T17:00Z,20,Justin Fields,QB,22.0,16.0,218.0,1.0,0.0,,,,,,,,
nfl:401772827,2025-09-07T17:00Z,19,Russell Wilson,QB,37.0,17.0,168.0,0.0,0.0,,,,,,,,
nfl:401772827,2025-09-07T17:00Z,28,Jayden Daniels,QB,30.0,19.0,233.0,1.0,0.0,,,,,,,,
nfl:401772828,2025-09-07T17:00Z,29,Bryce Young,QB,35.0,18.0,154.0,1.0,2.0,,,,,,,,
nfl:401772828,2025-09-07T17:00Z,30,Trevor Lawrence,QB,31.0,19.0,178.0,1.0,1.0,,,,,,,,
nfl:401772829,2025-09-07T17:00Z,4,Joe Burrow,QB,23.0,14.0,113.0,1.0,0.0,,,,,,,,
nfl:401772829,2025-09-07T17:00Z,5,Joe Flacco,QB,45.0,31.0,290.0,1.0,2.0,,,,,,,,
nfl:401772830,2025-09-07T17:00Z,27,Baker Mayfield,QB,32.0,17.0,167.0,3.0,0.0,,,,,,,,
nfl:401772830,2025-09-07T17:00Z,1,Michael Penix Jr.,QB,42.0,27.0,298.0,1.0,0.0,,,,,,,,
nfl:401772831,2025-09-07T20:05Z,25,Brock Purdy,QB,35.0,26.0,277.0,2.0,2.0,,,,,,,,
nfl:401772831,2025-09-07T20:05Z,26,Sam Darnold,QB,23.0,16.0,150.0,0.0,0.0,,,,,,,,
nfl:401772832,2025-09-07T20:05Z,10,Cam Ward,QB,28.0,12.0,112.0,0.0,0.0,,,,,,,,
nfl:401772832,2025-09-07T20:05Z,7,Bo Nix,QB,40.0,25.0,176.0,1.0,2.0,,,,,,,,
nfl:401772722,2025-09-07T20:25Z,8,Jared Goff,QB,39.0,31.0,225.0,1.0,1.0,,,,,,,,
nfl:401772722,2025-09-07T20:25Z,9,Jordan Love,QB,22.0,16.0,188.0,2.0,0.0,,,,,,,,
nfl:401772723,2025-09-07T20:25Z,34,C.J. Stroud,QB,27.0,19.0,188.0,0.0,1.0,,,,,,,,
nfl:401772723,2025-09-07T20:25Z,14,Matthew Stafford,QB,29.0,21.0,245.0,1.0,0.0,,,,,,,,
nfl:401772918,2025-09-08T00:20Z,33,Lamar Jackson,QB,19.0,14.0,209.0,2.0,0.0,,,,,,,,
nfl:401772918,2025-09-08T00:20Z,2,Josh Allen,QB,46.0,33.0,394.0,2.0,0.0,,,,,,,,
nfl:401772810,2025-09-09T00:15Z,16,J.J. McCarthy,QB,20.0,13.0,143.0,2.0,1.0,,,,,,,,
nfl:401772810,2025-09-09T00:15Z,3,Caleb Williams,QB,35.0,21.0,210.0,1.0,0.0,,,,,,,,
nfl:401772936,2025-09-12T00:15Z,28,Jayden Daniels,QB,42.0,24.0,200.0,2.0,0.0,,,,,,,,
nfl:401772936,2025-09-12T00:15Z,9,Jordan Love,QB,31.0,19.0,292.0,2.0,0.0,,,,,,,,
nfl:401772724,2025-09-14T17:00Z,14,Matthew Stafford,QB,33.0,23.0,298.0,2.0,1.0,,,,,,,,
nfl:401772724,2025-09-14T17:00Z,10,Cam Ward,QB,33.0,19.0,175.0,1.0,0.0,,,,,,,,
nfl:401772725,2025-09-14T17:00Z,30,Trevor Lawrence,QB,42.0,24.0,271.0,3.0,2.0,,,,,,,,
nfl:401772725,2025-09-14T17:00Z,4,Jake Browning,QB,32.0,21.0,241.0,2.0,3.0,,,,,,,,
nfl:401772726,2025-09-14T17:00Z,5,Joe Flacco,QB,45.0,25.0,199.0,1.0,1.0,,,,,,,,
nfl:401772726,2025-09-14T17:00Z,33,Lamar Jackson,QB,29.0,19.0,225.0,4.0,0.0,,,,,,,,
nfl:401772727,2025-09-14T17:00Z,2,Josh Allen,QB,25.0,14.0,148.0,0.0,0.0,,,,,,,,
nfl:401772727,2025-09-14T17:00Z,20,Tyrod Taylor,QB,11.0,7.0,56.0,1.0,0.0,,,,,,,,
nfl:401772728,2025-09-14T17:00Z,17,Drake Maye,QB,23.0,19.0,230.0,2.0,0.0,,,,,,,,
nfl:401772728,2025-09-14T17:00Z,15,Tua Tagovailoa,QB,32.0,26.0,315.0,2.0,1.0,,,,,,,,
nfl:401772833,2025-09-14T17:00Z,25,Mac Jones,QB,39.0,26.0,279.0,3.0,0.0,,,,,,,,
nfl:401772833,2025-09-14T17:00Z,18,Spencer Rattler,QB,34.0,25.0,207.0,3.0,0.0,,,,,,,,
nfl:401772834,2025-09-14T17:00Z,19,Russell Wilson,QB,41.0,30.0,450.0,3.0,1.0,,,,,,,,
nfl:401772834,2025-09-14T17:00Z,6,Dak Prescott,QB,52.0,38.0,361.0,2.0,1.0,,,,,,,,
nfl:401772835,2025-09-14T17:00Z,3,Caleb Williams,QB,30.0,19.0,207.0,2.0,1.0,,,,,,,,
nfl:401772835,2025-09-14T17:00Z,8,Jared Goff,QB,28.0,23.0,334.0,5.0,0.0,,,,,,,,
nfl:401772836,2025-09-14T17:00Z,26,Sam Darnold,QB,33.0,22.0,295.0,2.0,2.0,,,,,,,,
nfl:401772836,2025-09-14T17:00Z,23,Aaron Rodgers,QB,33.0,18.0,203.0,1.0,2.0,,,,,,,,
nfl:401772729,2025-09-14T20:05Z,7,Bo Nix,QB,30.0,22.0,206.0,3.0,1.0,,,,,,,,
nfl:401772729,2025-09-14T20:05Z,11,Daniel Jones,QB,34.0,23.0,316.0,1.0,0.0,,,,,,,,
nfl:401772730,2025-09-14T20:05Z,29,Bryce Young,QB,55.0,35.0,328.0,3.0,1.0,,,,,,,,
nfl:401772730,2025-09-14T20:05Z,22,Kyler Murray,QB,25.0,17.0,220.0,1.0,1.0,,,,,,,,
nfl:401772837,2025-09-14T20:25Z,21,Jalen Hurts,QB,22.0,15.0,101.0,0.0,0.0,,,,,,,,
nfl:401772837,2025-09-14T20:25Z,12,Patrick Mahomes,QB,29.0,16.0,187.0,1.0,1.0,,,,,,,,
nfl:401772919,2025-09-15T00:20Z,1,Michael Penix Jr.,QB,21.0,13.0,135.0,0.0,0.0,,,,,,,,
nfl:401772919,2025-09-15T00:20Z,16,J.J. McCarthy,QB,21.0,11.0,158.0,0.0,2.0,,,,,,,,
nfl:401772715,2025-09-15T23:00Z,27,Baker Mayfield,QB,38.0,25.0,215.0,2.0,0.0,,,,,,,,
nfl:401772715,2025-09-15T23:00Z,34,C.J. Stroud,QB,24.0,13.0,207.0,1.0,0.0,,,,,,,,
nfl:401772811,2025-09-16T02:00Z,24,Justin Herbert,QB,27.0,19.0,242.0,2.0,0.0,,,,,,,,
nfl:401772811,2025-09-16T02:00Z,13,Geno Smith,QB,43.0,24.0,180.0,0.0,3.0,,,,,,,,
nfl:401772937,2025-09-19T00:15Z,15,Tua Tagovailoa,QB,34.0,22.0,146.0,2.0,1.0,,,,,,,,
nfl:401772937,2025-09-19T00:15Z,2,Josh Allen,QB,28.0,22.0,213.0,3.0,0.0,,,,,,,,
nfl:401772731,2025-09-21T17:00Z,4,Jake Browning,QB,27.0,19.0,140.0,1.0,2.0,,,,,,,,
nfl:401772731,2025-09-21T17:00Z,16,Carson Wentz,QB,20.0,14.0,173.0,2.0,0.0,,,,,,,,
nfl:401772732,2025-09-21T17:00Z,23,Aaron Rodgers,QB,23.0,16.0,139.0,2.0,1.0,,,,,,,,
nfl:401772732,2025-09-21T17:00Z,17,Drake Maye,QB,37.0,28.0,268.0,2.0,1.0,,,,,,,,
nfl:401772733,2025-09-21T17:00Z,11,Daniel Jones,QB,25.0,18.0,228.0,1.0,0.0,,,,,,,,
nfl:401772733,2025-09-21T17:00Z,10,Cam Ward,QB,38.0,23.0,219.0,1.0,1.0,,,,,,,,
nfl:401772734,2025-09-21T17:00Z,34,C.J. Stroud,QB,38.0,25.0,204.0,1.0,2.0,,,,,,,,
nfl:401772734,2025-09-21T17:00Z,30,Trevor Lawrence,QB,40.0,20.0,222.0,0.0,1.0,,,,,,,,
nfl:401772838,2025-09-21T17:00Z,1,Michael Penix Jr.,QB,36.0,18.0,172.0,0.0,2.0,,,,,,,,
nfl:401772838,2025-09-21T17:00Z,29,Bryce Young,QB,24.0,16.0,121.0,0.0,0.0,,,,,,,,
nfl:401772839,2025-09-21T17:00Z,14,Matthew Stafford,QB,33.0,19.0,196.0,2.0,1.0,,,,,,,,
nfl:401772839,2025-09-21T17:00Z,21,Jalen Hurts,QB,32.0,21.0,226.0,3.0,0.0,,,,,,,,
nfl:401772840,2025-09-21T17:00Z,20,Tyrod Taylor,QB,36.0,26.0,197.0,2.0,1.0,,,,,,,,
nfl:401772840,2025-09-21T17:00Z,27,Baker Mayfield,QB,29.0,19.0,233.0,1.0,0.0,,,,,,,,
nfl:401772841,2025-09-21T17:00Z,13,Geno Smith,QB,29.0,19.0,289.0,3.0,0.0,,,,,,,,
nfl:401772841,2025-09-21T17:00Z,28,Marcus Mariota,QB,21.0,15.0,207.0,1.0,0.0,,,,,,,,
nfl:401772842,2025-09-21T17:00Z,9,Jordan Love,QB,25.0,18.0,183.0,1.0,1.0,,,,,,,,
nfl:401772842,2025-09-21T17:00Z,5,Joe Flacco,QB,36.0,21.0,142.0,0.0,1.0,,,,,,,,
nfl:401772735,2025-09-21T20:05Z,7,Bo Nix,QB,25.0,14.0,153.0,1.0,0.0,,,,,,,,
nfl:401772735,2025-09-21T20:05Z,24,Justin Herbert,QB,47.0,28.0,300.0,1.0,1.0,,,,,,,,
nfl:401772736,2025-09-21T20:05Z,18,Spencer Rattler,QB,39.0,28.0,218.0,1.0,1.0,,,,,,,,
nfl:401772736,2025-09-21T20:05Z,26,Sam Darnold,QB,18.0,14.0,218.0,2.0,0.0,,,,,,,,
nfl:401772843,2025-09-21T20:25Z,22,Kyler Murray,QB,35.0,22.0,159.0,1.0,0.0,,,,,,,,
nfl:401772843,2025-09-21T20:25Z,25,Mac Jones,QB,41.0,27.0,284.0,1.0,1.0,,,,,,,,
nfl:401772844,2025-09-21T20:25Z,6,Dak Prescott,QB,40.0,31.0,251.0,1.0,2.0,,,,,,,,
nfl:401772844,2025-09-21T20:25Z,3,Caleb Williams,QB,28.0,19.0,298.0,4.0,0.0,,,,,,,,
nfl:401772920,2025-09-22T00:20Z,12,Patrick Mahomes,QB,37.0,22.0,224.0,1.0,0.0,,,,,,,,
nfl:401772920,2025-09-22T00:20Z,19,Russell Wilson,QB,32.0,18.0,160.0,0.0,2.0,,,,,,,,
nfl:401772812,2025-09-23T00:15Z,8,Jared Goff,QB,28.0,20.0,202.0,1.0,0.0,,,,,,,,
nfl:401772812,2025-09-23T00:15Z,33,Lamar Jackson,QB,27.0,21.0,288.0,3.0,0.0,,,,,,,,
nfl:401772938,2025-09-26T00:15Z,26,Sam Darnold,QB,26.0,18.0,242.0,1.0,0.0,,,,,,,,
nfl:401772938,2025-09-26T00:15Z,22,Kyler Murray,QB,41.0,27.0,200.0,2.0,2.0,,,,,,,,
nfl:401772632,2025-09-28T13:30Z,16,Carson Wentz,QB,46.0,30.0,350.0,2.0,2.0,,,,,,,,
nfl:401772632,2025-09-28T13:30Z,23,Aaron Rodgers,QB,22.0,18.0,200.0,1.0,0.0,,,,,,,,
nfl:401772737,2025-09-28T17:00Z,24,Justin Herbert,QB,41.0,23.0,203.0,1.0,2.0,,,,,,,,
nfl:401772737,2025-09-28T17:00Z,19,Jaxson Dart,QB,20.0,13.0,111.0,1.0,0.0,,,,,,,,
nfl:401772738,2025-09-28T17:00Z,10,Cam Ward,QB,26.0,10.0,108.0,0.0,1.0,,,,,,,,
nfl:401772738,2025-09-28T17:00Z,34,C.J. Stroud,QB,28.0,22.0,233.0,2.0,0.0,,,,,,,,
nfl:401772739,2025-09-28T17:00Z,28,Marcus Mariota,QB,27.0,16.0,156.0,2.0,1.0,,,,,,,,
nfl:401772739,2025-09-28T17:00Z,1,Michael Penix Jr.,QB,26.0,20.0,313.0,2.0,1.0,,,,,,,,
nfl:401772740,2025-09-28T17:00Z,18,Spencer Rattler,QB,27.0,18.0,126.0,1.0,0.0,,,,,,,,
nfl:401772740,2025-09-28T17:00Z,2,Josh Allen,QB,22.0,16.0,209.0,2.0,1.0,,,,,,,,
nfl:401772845,2025-09-28T17:00Z,21,Jalen Hurts,QB,24.0,15.0,130.0,2.0,0.0,,,,,,,,
nfl:401772845,2025-09-28T17:00Z,27,Baker Mayfield,QB,40.0,22.0,289.0,2.0,1.0,,,,,,,,
nfl:401772846,2025-09-28T17:00Z,5,Joe Flacco,QB,34.0,16.0,184.0,0.0,2.0,,,,,,,,
nfl:401772846,2025-09-28T17:00Z,8,Jared Goff,QB,27.0,16.0,168.0,2.0,1.0,,,,,,,,
nfl:401772847,2025-09-28T17:00Z,29,Bryce Young,QB,30.0,18.0,150.0,1.0,0.0,,,,,,,,
nfl:401772847,2025-09-28T17:00Z,17,Drake Maye,QB,17.0,14.0,203.0,2.0,0.0,,,,,,,,
nfl:401772848,2025-09-28T20:05Z,30,Trevor Lawrence,QB,31.0,21.0,174.0,1.0,0.0,,,,,,,,
nfl:401772848,2025-09-28T20:05Z,25,Brock Purdy,QB,38.0,22.0,309.0,2.0,2.0,,,,,,,,
nfl:401772849,2025-09-28T20:05Z,11,Daniel Jones,QB,33.0,24.0,262.0,1.0,2.0,,,,,,,,
nfl:401772849,2025-09-28T20:05Z,14,Matthew Stafford,QB,41.0,29.0,375.0,3.0,0.0,,,,,,,,
nfl:401772741,2025-09-28T20:25Z,33,Lamar Jackson,QB,20.0,14.0,147.0,1.0,1.0,,,,,,,,
nfl:401772741,2025-09-28T20:25Z,12,Patrick Mahomes,QB,37.0,25.0,270.0,4.0,0.0,,,,,,,,
nfl:401772742,2025-09-28T20:25Z,3,Caleb Williams,QB,37.0,22.0,212.0,1.0,1.0,,,,,,,,
nfl:401772742,2025-09-28T20:25Z,13,Geno Smith,QB,21.0,14.0,117.0,2.0,3.0,,,,,,,,
nfl:401772921,2025-09-29T00:20Z,9,Jordan Love,QB,43.0,31.0,337.0,3.0,0.0,,,,,,,,
nfl:401772921,2025-09-29T00:20Z,6,Dak Prescott,QB,40.0,31.0,319.0,3.0,0.0,,,,,,,,
nfl:401772813,2025-09-29T23:15Z,20,Justin Fields,QB,27.0,20.0,226.0,1.0,0.0,,,,,,,,
nfl:401772813,2025-09-29T23:15Z,15,Tua Tagovailoa,QB,25.0,17.0,177.0,2.0,0.0,,,,,,,,
nfl:401772716,2025-09-30T00:15Z,4,Jake Browning,QB,25.0,14.0,125.0,0.0,0.0,,,,,,,,
nfl:401772716,2025-09-30T00:15Z,7,Bo Nix,QB,42.0,29.0,326.0,2.0,1.0,,,,,,,,
nfl:401772939,2025-10-03T00:15Z,25,Mac Jones,QB,49.0,33.0,342.0,2.0,0.0,,,,,,,,
nfl:401772939,2025-10-03T00:15Z,14,Matthew Stafford,QB,47.0,30.0,389.0,3.0,0.0,,,,,,,,
nfl:401772633,2025-10-05T13:30Z,16,Carson Wentz,QB,34.0,25.0,236.0,1.0,0.0,,,,,,,,
nfl:401772633,2025-10-05T13:30Z,5,Dillon Gabriel,QB,33.0,19.0,190.0,2.0,0.0,,,,,,,,
nfl:401772743,2025-10-05T17:00Z,34,C.J. Stroud,QB,27.0,23.0,244.0,4.0,0.0,,,,,,,,
nfl:401772743,2025-10-05T17:00Z,33,Cooper Rush,QB,20.0,14.0,179.0,0.0,3.0,,,,,,,,
nfl:401772744,2025-10-05T17:00Z,19,Jaxson Dart,QB,40.0,26.0,202.0,2.0,2.0,,,,,,,,
nfl:401772744,2025-10-05T17:00Z,18,Spencer Rattler,QB,31.0,21.0,225.0,1.0,0.0,,,,,,,,
nfl:401772745,2025-10-05T17:00Z,7,Bo Nix,QB,39.0,24.0,242.0,1.0,0.0,,,,,,,,
nfl:401772745,2025-10-05T17:00Z,21,Jalen Hurts,QB,38.0,23.0,280.0,2.0,0.0,,,,,,,,
nfl:401772850,2025-10-05T17:00Z,6,Dak Prescott,QB,29.0,18.0,237.0,4.0,0.0,,,,,,,,
nfl:401772850,2025-10-05T17:00Z,20,Justin Fields,QB,46.0,32.0,283.0,2.0,0.0,,,,,,,,
nfl:401772851,2025-10-05T17:00Z,13,Geno Smith,QB,36.0,25.0,228.0,0.0,2.0,,,,,,,,
nfl:401772851,2025-10-05T17:00Z,11,Daniel Jones,QB,29.0,20.0,212.0,2.0,0.0,,,,,,,,
nfl:401772852,2025-10-05T17:00Z,15,Tua Tagovailoa,QB,36.0,27.0,256.0,3.0,0.0,,,,,,,,
nfl:401772852,2025-10-05T17:00Z,29,Bryce Young,QB,30.0,19.0,198.0,2.0,1.0,,,,,,,,
nfl:401772746,2025-10-05T20:05Z,27,Baker Mayfield,QB,33.0,29.0,379.0,2.0,0.0,,,,,,,,
nfl:401772746,2025-10-05T20:05Z,26,Sam Darnold,QB,34.0,28.0,341.0,4.0,1.0,,,,,,,,
nfl:401772747,2025-10-05T20:05Z,10,Cam Ward,QB,39.0,21.0,265.0,0.0,1.0,,,,,,,,
nfl:401772747,2025-10-05T20:05Z,22,Kyler Murray,QB,31.0,23.0,220.0,0.0,0.0,,,,,,,,
nfl:401772853,2025-10-05T20:25Z,28,Jayden Daniels,QB,26.0,15.0,231.0,1.0,0.0,,,,,,,,
nfl:401772853,2025-10-05T20:25Z,24,Justin Herbert,QB,29.0,22.0,166.0,1.0,1.0,,,,,,,,
nfl:401772854,2025-10-05T20:25Z,8,Jared Goff,QB,23.0,19.0,258.0,3.0,0.0,,,,,,,,
nfl:401772854,2025-10-05T20:25Z,4,Jake Browning,QB,40.0,26.0,251.0,3.0,3.0,,,,,,,,
nfl:401772922,2025-10-06T00:20Z,17,Drake Maye,QB,30.0,22.0,273.0,0.0,0.0,,,,,,,,
nfl:401772922,2025-10-06T00:20Z,2,Josh Allen,QB,31.0,22.0,253.0,2.0,1.0,,,,,,,,
nfl:401772814,2025-10-07T00:15Z,12,Patrick Mahomes,QB,41.0,29.0,318.0,1.0,1.0,,,,,,,,
nfl:401772814,2025-10-07T00:15Z,30,Trevor Lawrence,QB,25.0,18.0,221.0,1.0,1.0,,,,,,,,
nfl:401772940,2025-10-10T00:15Z,21,Jalen Hurts,QB,33.0,24.0,283.0,1.0,1.0,,,,,,,,
nfl:401772940,2025-10-10T00:15Z,19,Jaxson Dart,QB,25.0,17.0,195.0,1.0,0.0,,,,,,,,
nfl:401772634,2025-10-12T13:30Z,7,Bo Nix,QB,30.0,19.0,174.0,1.0,0.0,,,,,,,,
nfl:401772634,2025-10-12T13:30Z,20,Justin Fields,QB,17.0,9.0,45.0,0.0,0.0,,,,,,,,
nfl:401772748,2025-10-12T17:00Z,5,Dillon Gabriel,QB,52.0,29.0,221.0,0.0,0.0,,,,,,,,
nfl:401772748,2025-10-12T17:00Z,23,Aaron Rodgers,QB,30.0,21.0,235.0,2.0,0.0,,,,,,,,
nfl:401772750,2025-10-12T17:00Z,24,Justin Herbert,QB,38.0,29.0,264.0,2.0,0.0,,,,,,,,
nfl:401772750,2025-10-12T17:00Z,15,Tua Tagovailoa,QB,32.0,21.0,205.0,1.0,3.0,,,,,,,,
nfl:401772751,2025-10-12T17:00Z,17,Drake Maye,QB,26.0,18.0,261.0,3.0,0.0,,,,,,,,
nfl:401772751,2025-10-12T17:00Z,18,Spencer Rattler,QB,26.0,20.0,227.0,0.0,0.0,,,,,,,,
nfl:401772855,2025-10-12T17:00Z,14,Matthew Stafford,QB,26.0,17.0,181.0,1.0,0.0,,,,,,,,
nfl:401772855,2025-10-12T17:00Z,33,Cooper Rush,QB,19.0,11.0,72.0,0.0,1.0,,,,,,,,
nfl:401772856,2025-10-12T17:00Z,22,Jacoby Brissett,QB,44.0,27.0,320.0,2.0,1.0,,,,,,,,
nfl:401772856,2025-10-12T17:00Z,11,Daniel Jones,QB,30.0,22.0,212.0,2.0,1.0,,,,,,,,
nfl:401772857,2025-10-12T17:00Z,26,Sam Darnold,QB,27.0,16.0,295.0,2.0,0.0,,,,,,,,
nfl:401772857,2025-10-12T17:00Z,30,Trevor Lawrence,QB,42.0,27.0,258.0,2.0,0.0,,,,,,,,
nfl:401772858,2025-10-12T17:00Z,6,Dak Prescott,QB,34.0,25.0,261.0,3.0,0.0,,,,,,,,
nfl:401772858,2025-10-12T17:00Z,29,Bryce Young,QB,25.0,17.0,199.0,3.0,1.0,,,,,,,,
nfl:401772859,2025-10-12T20:05Z,10,Cam Ward,QB,38.0,26.0,222.0,1.0,1.0,,,,,,,,
nfl:401772859,2025-10-12T20:05Z,13,Geno Smith,QB,23.0,17.0,174.0,1.0,1.0,,,,,,,,
nfl:401772749,2025-10-12T20:25Z,25,Mac Jones,QB,39.0,27.0,347.0,0.0,2.0,,,,,,,,
nfl:401772749,2025-10-12T20:25Z,27,Baker Mayfield,QB,23.0,17.0,256.0,2.0,0.0,,,,,,,,
nfl:401772752,2025-10-12T20:25Z,4,Joe Flacco,QB,45.0,29.0,219.0,2.0,0.0,,,,,,,,
nfl:401772752,2025-10-12T20:25Z,9,Jordan Love,QB,26.0,19.0,259.0,1.0,1.0,,,,,,,,
nfl:401772923,2025-10-13T00:20Z,8,Jared Goff,QB,29.0,23.0,203.0,2.0,0.0,,,,,,,,
nfl:401772923,2025-10-13T00:20Z,12,Patrick Mahomes,QB,30.0,22.0,257.0,3.0,0.0,,,,,,,,
nfl:401772815,2025-10-13T23:15Z,2,Josh Allen,QB,26.0,15.0,180.0,2.0,2.0,,,,,,,,
nfl:401772815,2025-10-13T23:15Z,1,Michael Penix Jr.,QB,32.0,20.0,250.0,1.0,0.0,,,,,,,,
nfl:401772717,2025-10-14T00:15Z,3,Caleb Williams,QB,29.0,17.0,252.0,1.0,0.0,,,,,,,,
nfl:401772717,2025-10-14T00:15Z,28,Jayden Daniels,QB,26.0,19.0,211.0,3.0,1.0,,,,,,,,
nfl:401772941,2025-10-17T00:15Z,23,Aaron Rodgers,QB,34.0,23.0,249.0,4.0,2.0,,,,,,,,
nfl:401772941,2025-10-17T00:15Z,4,Joe Flacco,QB,47.0,31.0,342.0,3.0,0.0,,,,,,,,
nfl:401772635,2025-10-19T13:30Z,14,Matthew Stafford,QB,33.0,21.0,182.0,5.0,0.0,,,,,,,,
nfl:401772635,2025-10-19T13:30Z,30,Trevor Lawrence,QB,48.0,23.0,296.0,1.0,0.0,,,,,,,,
nfl:401772753,2025-10-19T17:00Z,13,Geno Smith,QB,16.0,10.0,67.0,0.0,0.0,,,,,,,,
nfl:401772753,2025-10-19T17:00Z,12,Patrick Mahomes,QB,35.0,26.0,286.0,3.0,0.0,,,,,,,,
nfl:401772754,2025-10-19T17:00Z,15,Tua Tagovailoa,QB,23.0,12.0,100.0,0.0,3.0,,,,,,,,
nfl:401772754,2025-10-19T17:00Z,5,Dillon Gabriel,QB,18.0,13.0,116.0,0.0,0.0,,,,,,,,
nfl:401772755,2025-10-19T17:00Z,17,Drake Maye,QB,23.0,21.0,222.0,2.0,0.0,,,,,,,,
nfl:401772755,2025-10-19T17:00Z,10,Cam Ward,QB,34.0,25.0,255.0,1.0,1.0,,,,,,,,
nfl:401772860,2025-10-19T17:00Z,29,Bryce Young,QB,25.0,15.0,138.0,1.0,0.0,,,,,,,,
nfl:401772860,2025-10-19T17:00Z,20,Tyrod Taylor,QB,22.0,10.0,126.0,0.0,2.0,,,,,,,,
nfl:401772861,2025-10-19T17:00Z,18,Spencer Rattler,QB,32.0,20.0,233.0,2.0,3.0,,,,,,,,
nfl:401772861,2025-10-19T17:00Z,3,Caleb Williams,QB,26.0,15.0,172.0,0.0,1.0,,,,,,,,
nfl:401772862,2025-10-19T17:00Z,21,Jalen Hurts,QB,23.0,19.0,326.0,3.0,0.0,,,,,,,,
nfl:401772862,2025-10-19T17:00Z,16,Carson Wentz,QB,42.0,26.0,313.0,0.0,2.0,,,,,,,,
nfl:401772756,2025-10-19T20:05Z,11,Daniel Jones,QB,34.0,23.0,288.0,2.0,0.0,,,,,,,,
nfl:401772756,2025-10-19T20:05Z,24,Justin Herbert,QB,55.0,37.0,420.0,3.0,2.0,,,,,,,,
nfl:401772757,2025-10-19T20:05Z,19,Jaxson Dart,QB,33.0,15.0,283.0,3.0,1.0,,,,,,,,
nfl:401772757,2025-10-19T20:05Z,7,Bo Nix,QB,50.0,27.0,279.0,2.0,0.0,,,,,,,,
nfl:401772863,2025-10-19T20:25Z,9,Jordan Love,QB,29.0,19.0,179.0,1.0,0.0,,,,,,,,
nfl:401772863,2025-10-19T20:25Z,22,Jacoby Brissett,QB,36.0,25.0,279.0,2.0,0.0,,,,,,,,
nfl:401772864,2025-10-19T20:25Z,28,Jayden Daniels,QB,22.0,12.0,156.0,1.0,0.0,,,,,,,,
nfl:401772864,2025-10-19T20:25Z,6,Dak Prescott,QB,30.0,21.0,264.0,3.0,0.0,,,,,,,,
nfl:401772924,2025-10-20T00:20Z,1,Michael Penix Jr.,QB,38.0,21.0,241.0,1.0,0.0,,,,,,,,
nfl:401772924,2025-10-20T00:20Z,25,Mac Jones,QB,26.0,17.0,152.0,0.0,1.0,,,,,,,,
nfl:401772816,2025-10-20T23:00Z,27,Baker Mayfield,QB,50.0,28.0,228.0,1.0,1.0,,,,,,,,
nfl:401772816,2025-10-20T23:00Z,8,Jared Goff,QB,29.0,20.0,241.0,1.0,1.0,,,,,,,,
nfl:401772826,2025-10-21T02:00Z,34,C.J. Stroud,QB,49.0,23.0,229.0,1.0,1.0,,,,,,,,
nfl:401772826,2025-10-21T02:00Z,26,Sam Darnold,QB,31.0,17.0,213.0,1.0,1.0,,,,,,,,
nfl:401772942,2025-10-24T00:15Z,16,Carson Wentz,QB,27.0,15.0,144.0,1.0,1.0,,,,,,,,
nfl:401772942,2025-10-24T00:15Z,24,Justin Herbert,QB,25.0,18.0,227.0,3.0,1.0,,,,,,,,
nfl:401772758,2025-10-26T17:00Z,20,Justin Fields,QB,32.0,21.0,244.0,1.0,0.0,,,,,,,,
nfl:401772758,2025-10-26T17:00Z,4,Joe Flacco,QB,34.0,21.0,223.0,2.0,0.0,,,,,,,,
nfl:401772759,2025-10-26T17:00Z,3,Caleb Williams,QB,38.0,25.0,285.0,0.0,1.0,,,,,,,,
nfl:401772759,2025-10-26T17:00Z,33,Tyler Huntley,QB,22.0,17.0,186.0,1.0,0.0,,,,,,,,
nfl:401772760,2025-10-26T17:00Z,15,Tua Tagovailoa,QB,26.0,20.0,205.0,4.0,0.0,,,,,,,,
nfl:401772760,2025-10-26T17:00Z,1,Kirk Cousins,QB,31.0,21.0,173.0,0.0,0.0,,,,,,,,
nfl:401772865,2025-10-26T17:00Z,2,Josh Allen,QB,19.0,12.0,163.0,1.0,0.0,,,,,,,,
nfl:401772865,2025-10-26T17:00Z,29,Andy Dalton,QB,24.0,16.0,175.0,0.0,1.0,,,,,,,,
nfl:401772866,2025-10-26T17:00Z,25,Mac Jones,QB,32.0,19.0,193.0,2.0,1.0,,,,,,,,
nfl:401772866,2025-10-26T17:00Z,34,C.J. Stroud,QB,39.0,30.0,318.0,2.0,1.0,,,,,,,,
nfl:401772867,2025-10-26T17:00Z,19,Jaxson Dart,QB,24.0,14.0,193.0,1.0,0.0,,,,,,,,
nfl:401772867,2025-10-26T17:00Z,21,Jalen Hurts,QB,20.0,15.0,179.0,4.0,0.0,,,,,,,,
nfl:401772868,2025-10-26T17:00Z,5,Dillon Gabriel,QB,35.0,21.0,156.0,2.0,2.0,,,,,,,,
nfl:401772868,2025-10-26T17:00Z,17,Drake Maye,QB,24.0,18.0,282.0,3.0,1.0,,,,,,,,
nfl:401772869,2025-10-26T20:05Z,27,Baker Mayfield,QB,24.0,15.0,152.0,0.0,0.0,,,,,,,,
nfl:401772869,2025-10-26T20:05Z,18,Tyler Shough,QB,30.0,17.0,128.0,0.0,1.0,,,,,,,,
nfl:401772761,2025-10-26T20:25Z,10,Cam Ward,QB,38.0,22.0,259.0,1.0,1.0,,,,,,,,
nfl:401772761,2025-10-26T20:25Z,11,Daniel Jones,QB,29.0,21.0,272.0,3.0,0.0,,,,,,,,
nfl:401772762,2025-10-26T20:25Z,6,Dak Prescott,QB,31.0,19.0,188.0,0.0,2.0,,,,,,,,
nfl:401772762,2025-10-26T20:25Z,7,Bo Nix,QB,29.0,19.0,247.0,4.0,1.0,,,,,,,,
nfl:401772925,2025-10-27T00:20Z,9,Jordan Love,QB,37.0,29.0,360.0,3.0,0.0,,,,,,,,
nfl:401772925,2025-10-27T00:20Z,23,Aaron Rodgers,QB,36.0,24.0,219.0,2.0,0.0,,,,,,,,
nfl:401772817,2025-10-28T00:15Z,28,Marcus Mariota,QB,30.0,21.0,213.0,1.0,2.0,,,,,,,,
nfl:401772817,2025-10-28T00:15Z,12,Patrick Mahomes,QB,34.0,25.0,299.0,3.0,2.0,,,,,,,,
nfl:401772943,2025-10-31T00:15Z,33,Lamar Jackson,QB,23.0,18.0,204.0,4.0,0.0,,,,,,,,
nfl:401772943,2025-10-31T00:15Z,15,Tua Tagovailoa,QB,40.0,25.0,261.0,0.0,1.0,,,,,,,,
nfl:401772763,2025-11-02T18:00Z,1,Michael Penix Jr.,QB,37.0,22.0,221.0,3.0,0.0,,,,,,,,
nfl:401772763,2025-11-02T18:00Z,17,Drake Maye,QB,29.0,19.0,259.0,2.0,1.0,,,,,,,,
nfl:401772764,2025-11-02T18:00Z,24,Justin Herbert,QB,29.0,19.0,250.0,2.0,1.0,,,,,,,,
nfl:401772764,2025-11-02T18:00Z,10,Cam Ward,QB,21.0,12.0,145.0,0.0,0.0,,,,,,,,
nfl:401772765,2025-11-02T18:00Z,3,Caleb Williams,QB,34.0,20.0,280.0,3.0,0.0,,,,,,,,
nfl:401772765,2025-11-02T18:00Z,4,Joe Flacco,QB,47.0,31.0,470.0,4.0,2.0,,,,,,,,
nfl:401772766,2025-11-02T18:00Z,11,Daniel Jones,QB,50.0,31.0,342.0,1.0,3.0,,,,,,,,
nfl:401772766,2025-11-02T18:00Z,23,Aaron Rodgers,QB,35.0,25.0,203.0,1.0,0.0,,,,,,,,
nfl:401772767,2025-11-02T18:00Z,25,Mac Jones,QB,24.0,19.0,235.0,2.0,0.0,,,,,,,,
nfl:401772767,2025-11-02T18:00Z,19,Jaxson Dart,QB,33.0,24.0,191.0,2.0,0.0,,,,,,,,
nfl:401772870,2025-11-02T18:00Z,7,Bo Nix,QB,37.0,18.0,173.0,2.0,1.0,,,,,,,,
nfl:401772870,2025-11-02T18:00Z,34,Davis Mills,QB,30.0,17.0,137.0,0.0,0.0,,,,,,,,
nfl:401772871,2025-11-02T18:00Z,16,J.J. McCarthy,QB,25.0,14.0,143.0,2.0,1.0,,,,,,,,
nfl:401772871,2025-11-02T18:00Z,8,Jared Goff,QB,37.0,25.0,284.0,2.0,0.0,,,,,,,,
nfl:401772872,2025-11-02T18:00Z,29,Bryce Young,QB,20.0,11.0,102.0,0.0,1.0,,,,,,,,
nfl:401772872,2025-11-02T18:00Z,9,Jordan Love,QB,37.0,26.0,273.0,0.0,1.0,,,,,,,,
nfl:401772873,2025-11-02T21:05Z,30,Trevor Lawrence,QB,34.0,23.0,220.0,0.0,1.0,,,,,,,,
nfl:401772873,2025-11-02T21:05Z,13,Geno Smith,QB,39.0,29.0,284.0,4.0,1.0,,,,,,,,
nfl:401772874,2025-11-02T21:05Z,18,Tyler Shough,QB,24.0,15.0,176.0,1.0,1.0,,,,,,,,
nfl:401772874,2025-11-02T21:05Z,14,Matthew Stafford,QB,32.0,24.0,281.0,4.0,0.0,,,,,,,,
nfl:401772768,2025-11-02T21:25Z,12,Patrick Mahomes,QB,34.0,15.0,250.0,0.0,1.0,,,,,,,,
nfl:401772768,2025-11-02T21:25Z,2,Josh Allen,QB,26.0,23.0,273.0,1.0,0.0,,,,,,,,
nfl:401772926,2025-11-03T01:20Z,26,Sam Darnold,QB,24.0,21.0,330.0,4.0,1.0,,,,,,,,
nfl:401772926,2025-11-03T01:20Z,28,Jayden Daniels,QB,22.0,16.0,153.0,0.0,1.0,,,,,,,,
nfl:401772818,2025-11-04T01:15Z,22,Jacoby Brissett,QB,31.0,21.0,261.0,2.0,0.0,,,,,,,,
nfl:401772818,2025-11-04T01:15Z,6,Dak Prescott,QB,39.0,24.0,250.0,1.0,1.0,,,,,,,,
nfl:401772944,2025-11-07T01:15Z,13,Geno Smith,QB,26.0,16.0,143.0,0.0,1.0,,,,,,,,
nfl:401772944,2025-11-07T01:15Z,7,Bo Nix,QB,28.0,16.0,150.0,1.0,2.0,,,,,,,,
nfl:401772636,2025-11-09T14:30Z,1,Michael Penix Jr.,QB,28.0,12.0,177.0,1.0,0.0,,,,,,,,
nfl:401772636,2025-11-09T14:30Z,11,Daniel Jones,QB,26.0,19.0,255.0,1.0,1.0,,,,,,,,
nfl:401772769,2025-11-09T18:00Z,5,Dillon Gabriel,QB,32.0,17.0,167.0,2.0,0.0,,,,,,,,
nfl:401772769,2025-11-09T18:00Z,20,Justin Fields,QB,11.0,6.0,54.0,1.0,1.0,,,,,,,,
nfl:401772770,2025-11-09T18:00Z,30,Trevor Lawrence,QB,23.0,13.0,158.0,1.0,1.0,,,,,,,,
nfl:401772770,2025-11-09T18:00Z,34,Davis Mills,QB,45.0,27.0,292.0,2.0,1.0,,,,,,,,
nfl:401772771,2025-11-09T18:00Z,2,Josh Allen,QB,40.0,28.0,306.0,2.0,1.0,,,,,,,,
nfl:401772771,2025-11-09T18:00Z,15,Tua Tagovailoa,QB,21.0,15.0,173.0,2.0,2.0,,,,,,,,
nfl:401772772,2025-11-09T18:00Z,17,Drake Maye,QB,31.0,16.0,270.0,2.0,1.0,,,,,,,,
nfl:401772772,2025-11-09T18:00Z,27,Baker Mayfield,QB,43.0,28.0,273.0,3.0,0.0,,,,,,,,
nfl:401772875,2025-11-09T18:00Z,19,Jaxson Dart,QB,29.0,19.0,242.0,0.0,0.0,,,,,,,,
nfl:401772875,2025-11-09T18:00Z,3,Caleb Williams,QB,36.0,20.0,220.0,1.0,0.0,,,,,,,,
nfl:401772876,2025-11-09T18:00Z,33,Lamar Jackson,QB,29.0,17.0,176.0,1.0,0.0,,,,,,,,
nfl:401772876,2025-11-09T18:00Z,16,J.J. McCarthy,QB,42.0,20.0,248.0,1.0,2.0,,,,,,,,
nfl:401772877,2025-11-09T18:00Z,18,Tyler Shough,QB,27.0,19.0,282.0,2.0,0.0,,,,,,,,
nfl:401772877,2025-11-09T18:00Z,29,Bryce Young,QB,25.0,17.0,124.0,0.0,1.0,,,,,,,,
nfl:401772773,2025-11-09T21:05Z,22,Jacoby Brissett,QB,44.0,22.0,258.0,2.0,0.0,,,,,,,,
nfl:401772773,2025-11-09T21:05Z,26,Sam Darnold,QB,12.0,10.0,178.0,1.0,1.0,,,,,,,,
nfl:401772878,2025-11-09T21:25Z,8,Jared Goff,QB,33.0,25.0,320.0,3.0,0.0,,,,,,,,
nfl:401772878,2025-11-09T21:25Z,28,Marcus Mariota,QB,22.0,16.0,213.0,2.0,0.0,,,,,,,,
nfl:401772879,2025-11-09T21:25Z,14,Matthew Stafford,QB,36.0,24.0,280.0,4.0,0.0,,,,,,,,
nfl:401772879,2025-11-09T21:25Z,25,Mac Jones,QB,39.0,33.0,319.0,3.0,1.0,,,,,,,,
nfl:401772927,2025-11-10T01:20Z,23,Aaron Rodgers,QB,31.0,16.0,161.0,1.0,2.0,,,,,,,,
nfl:401772927,2025-11-10T01:20Z,24,Justin Herbert,QB,33.0,20.0,220.0,1.0,0.0,,,,,,,,
nfl:401772630,2025-11-11T01:15Z,21,Jalen Hurts,QB,26.0,15.0,183.0,1.0,0.0,,,,,,,,
nfl:401772630,2025-11-11T01:15Z,9,Jordan Love,QB,36.0,20.0,176.0,0.0,0.0,,,,,,,,
nfl:401772945,2025-11-14T01:15Z,20,Justin Fields,QB,26.0,15.0,116.0,1.0,0.0,,,,,,,,
nfl:401772945,2025-11-14T01:15Z,17,Drake Maye,QB,34.0,25.0,281.0,1.0,0.0,,,,,,,,
nfl:401772631,2025-11-16T14:30Z,28,Marcus Mariota,QB,30.0,20.0,213.0,1.0,1.0,,,,,,,,
nfl:401772631,2025-11-16T14:30Z,15,Tua Tagovailoa,QB,20.0,14.0,171.0,0.0,0.0,,,,,,,,
nfl:401772774,2025-11-16T18:00Z,4,Joe Flacco,QB,40.0,23.0,199.0,1.0,1.0,,,,,,,,
nfl:401772774,2025-11-16T18:00Z,23,Mason Rudolph,QB,16.0,12.0,127.0,1.0,0.0,,,,,,,,
nfl:401772775,2025-11-16T18:00Z,24,Justin Herbert,QB,18.0,10.0,81.0,0.0,1.0,,,,,,,,
nfl:401772775,2025-11-16T18:00Z,30,Trevor Lawrence,QB,22.0,14.0,153.0,1.0,1.0,,,,,,,,
nfl:401772776,2025-11-16T18:00Z,27,Baker Mayfield,QB,28.0,16.0,173.0,1.0,1.0,,,,,,,,
nfl:401772776,2025-11-16T18:00Z,2,Josh Allen,QB,30.0,19.0,317.0,3.0,2.0,,,,,,,,
nfl:401772880,2025-11-16T18:00Z,3,Caleb Williams,QB,32.0,16.0,193.0,0.0,0.0,,,,,,,,
nfl:401772880,2025-11-16T18:00Z,16,J.J. McCarthy,QB,32.0,16.0,150.0,1.0,2.0,,,,,,,,
nfl:401772881,2025-11-16T18:00Z,34,Davis Mills,QB,41.0,26.0,274.0,1.0,0.0,,,,,,,,
nfl:401772881,2025-11-16T18:00Z,10,Cam Ward,QB,37.0,24.0,194.0,1.0,0.0,,,,,,,,
nfl:401772882,2025-11-16T18:00Z,29,Bryce Young,QB,45.0,31.0,448.0,3.0,0.0,,,,,,,,
nfl:401772882,2025-11-16T18:00Z,1,Michael Penix Jr.,QB,16.0,13.0,175.0,0.0,0.0,,,,,,,,
nfl:401772883,2025-11-16T18:00Z,9,Jordan Love,QB,24.0,13.0,174.0,2.0,0.0,,,,,,,,
nfl:401772883,2025-11-16T18:00Z,19,Jameis Winston,QB,29.0,19.0,201.0,0.0,1.0,,,,,,,,
nfl:401772884,2025-11-16T21:05Z,26,Sam Darnold,QB,44.0,29.0,279.0,0.0,4.0,,,,,,,,
nfl:401772884,2025-11-16T21:05Z,14,Matthew Stafford,QB,28.0,15.0,130.0,2.0,0.0,,,,,,,,
nfl:401772885,2025-11-16T21:05Z,25,Brock Purdy,QB,26.0,19.0,200.0,3.0,0.0,,,,,,,,
nfl:401772885,2025-11-16T21:05Z,22,Jacoby Brissett,QB,57.0,47.0,452.0,2.0,2.0,,,,,,,,
nfl:401772777,2025-11-16T21:25Z,33,Lamar Jackson,QB,25.0,14.0,193.0,0.0,2.0,,,,,,,,
nfl:401772777,2025-11-16T21:25Z,5,Shedeur Sanders,QB,16.0,4.0,47.0,0.0,1.0,,,,,,,,
nfl:401772778,2025-11-16T21:25Z,12,Patrick Mahomes,QB,45.0,29.0,276.0,1.0,1.0,,,,,,,,
nfl:401772778,2025-11-16T21:25Z,7,Bo Nix,QB,37.0,24.0,295.0,0.0,0.0,,,,,,,,
nfl:401772928,2025-11-17T01:20Z,8,Jared Goff,QB,37.0,14.0,255.0,1.0,1.0,,,,,,,,
nfl:401772928,2025-11-17T01:20Z,21,Jalen Hurts,QB,28.0,14.0,135.0,0.0,0.0,,,,,,,,
nfl:401772819,2025-11-18T01:15Z,6,Dak Prescott,QB,33.0,25.0,268.0,4.0,0.0,,,,,,,,
nfl:401772819,2025-11-18T01:15Z,13,Geno Smith,QB,42.0,27.0,238.0,1.0,1.0,,,,,,,,
nfl:401772946,2025-11-21T01:15Z,2,Josh Allen,QB,34.0,24.0,253.0,0.0,2.0,,,,,,,,
nfl:401772946,2025-11-21T01:15Z,34,Davis Mills,QB,30.0,16.0,153.0,2.0,0.0,,,,,,,,
nfl:401772779,2025-11-23T18:00Z,11,Daniel Jones,QB,31.0,19.0,181.0,2.0,0.0,,,,,,,,
nfl:401772779,2025-11-23T18:00Z,12,Patrick Mahomes,QB,46.0,29.0,352.0,0.0,1.0,,,,,,,,
nfl:401772780,2025-11-23T18:00Z,23,Mason Rudolph,QB,31.0,24.0,171.0,1.0,1.0,,,,,,,,
nfl:401772780,2025-11-23T18:00Z,3,Caleb Williams,QB,35.0,19.0,239.0,3.0,0.0,,,,,,,,
nfl:401772781,2025-11-23T18:00Z,17,Drake Maye,QB,35.0,22.0,294.0,1.0,1.0,,,,,,,,
nfl:401772781,2025-11-23T18:00Z,4,Joe Flacco,QB,37.0,19.0,183.0,1.0,1.0,,,,,,,,
nfl:401772782,2025-11-23T18:00Z,20,Tyrod Taylor,QB,28.0,17.0,222.0,1.0,1.0,,,,,,,,
nfl:401772782,2025-11-23T18:00Z,33,Lamar Jackson,QB,23.0,13.0,153.0,0.0,0.0,,,,,,,,
nfl:401772886,2025-11-23T18:00Z,26,Sam Darnold,QB,26.0,16.0,244.0,2.0,0.0,,,,,,,,
nfl:401772886,2025-11-23T18:00Z,10,Cam Ward,QB,42.0,28.0,256.0,1.0,0.0,,,,,,,,
nfl:401772887,2025-11-23T18:00Z,16,J.J. McCarthy,QB,19.0,12.0,87.0,0.0,2.0,,,,,,,,
nfl:401772887,2025-11-23T18:00Z,9,Jordan Love,QB,21.0,14.0,139.0,0.0,0.0,,,,,,,,
nfl:401772888,2025-11-23T18:00Z,19,Jameis Winston,QB,36.0,18.0,366.0,2.0,1.0,,,,,,,,
nfl:401772888,2025-11-23T18:00Z,8,Jared Goff,QB,42.0,28.0,279.0,2.0,1.0,,,,,,,,
nfl:401772783,2025-11-23T21:05Z,30,Trevor Lawrence,QB,30.0,18.0,256.0,3.0,3.0,,,,,,,,
nfl:401772783,2025-11-23T21:05Z,22,Jacoby Brissett,QB,49.0,33.0,317.0,1.0,0.0,,,,,,,,
nfl:401772784,2025-11-23T21:05Z,5,Shedeur Sanders,QB,20.0,11.0,209.0,1.0,1.0,,,,,,,,
nfl:401772784,2025-11-23T21:05Z,13,Geno Smith,QB,44.0,30.0,285.0,1.0,0.0,,,,,,,,
nfl:401772889,2025-11-23T21:25Z,1,Kirk Cousins,QB,23.0,16.0,199.0,2.0,1.0,,,,,,,,
nfl:401772889,2025-11-23T21:25Z,18,Tyler Shough,QB,43.0,30.0,243.0,0.0,1.0,,,,,,,,
nfl:401772890,2025-11-23T21:25Z,21,Jalen Hurts,QB,39.0,27.0,289.0,1.0,0.0,,,,,,,,
nfl:401772890,2025-11-23T21:25Z,6,Dak Prescott,QB,36.0,23.0,354.0,2.0,1.0,,,,,,,,
nfl:401772929,2025-11-24T01:20Z,27,Baker Mayfield,QB,19.0,9.0,41.0,1.0,2.0,,,,,,,,
nfl:401772929,2025-11-24T01:20Z,14,Matthew Stafford,QB,35.0,25.0,273.0,3.0,0.0,,,,,,,,
nfl:401772820,2025-11-25T01:15Z,29,Bryce Young,QB,29.0,18.0,169.0,1.0,2.0,,,,,,,,
nfl:401772820,2025-11-25T01:15Z,25,Brock Purdy,QB,32.0,23.0,193.0,1.0,3.0,,,,,,,,
nfl:401772891,2025-11-27T18:00Z,9,Jordan Love,QB,30.0,18.0,234.0,4.0,0.0,,,,,,,,
nfl:401772891,2025-11-27T18:00Z,8,Jared Goff,QB,26.0,20.0,256.0,2.0,0.0,,,,,,,,
nfl:401772694,2025-11-27T21:30Z,12,Patrick Mahomes,QB,34.0,23.0,261.0,4.0,0.0,,,,,,,,
nfl:401772694,2025-11-27T21:30Z,6,Dak Prescott,QB,39.0,27.0,320.0,2.0,1.0,,,,,,,,
nfl:401772930,2025-11-28T01:20Z,4,Joe Burrow,QB,46.0,24.0,261.0,2.0,0.0,,,,,,,,
nfl:401772930,2025-11-28T01:20Z,33,Lamar Jackson,QB,32.0,17.0,246.0,0.0,1.0,,,,,,,,
nfl:401772621,2025-11-28T20:00Z,3,Caleb Williams,QB,36.0,17.0,154.0,1.0,1.0,,,,,,,,
nfl:401772621,2025-11-28T20:00Z,21,Jalen Hurts,QB,34.0,19.0,230.0,2.0,1.0,,,,,,,,
nfl:401772785,2025-11-30T18:00Z,25,Brock Purdy,QB,29.0,16.0,168.0,1.0,0.0,,,,,,,,
nfl:401772785,2025-11-30T18:00Z,5,Shedeur Sanders,QB,25.0,16.0,149.0,1.0,0.0,,,,,,,,
nfl:401772786,2025-11-30T18:00Z,30,Trevor Lawrence,QB,27.0,16.0,229.0,2.0,0.0,,,,,,,,
nfl:401772786,2025-11-30T18:00Z,10,Cam Ward,QB,38.0,24.0,141.0,0.0,0.0,,,,,,,,
nfl:401772787,2025-11-30T18:00Z,34,C.J. Stroud,QB,35.0,22.0,276.0,0.0,1.0,,,,,,,,
nfl:401772787,2025-11-30T18:00Z,11,Daniel Jones,QB,27.0,14.0,201.0,2.0,0.0,,,,,,,,
nfl:401772892,2025-11-30T18:00Z,18,Tyler Shough,QB,38.0,26.0,239.0,2.0,1.0,,,,,,,,
nfl:401772892,2025-11-30T18:00Z,15,Tua Tagovailoa,QB,23.0,12.0,157.0,0.0,1.0,,,,,,,,
nfl:401772893,2025-11-30T18:00Z,1,Kirk Cousins,QB,33.0,21.0,234.0,1.0,0.0,,,,,,,,
nfl:401772893,2025-11-30T18:00Z,20,Tyrod Taylor,QB,33.0,19.0,172.0,1.0,0.0,,,,,,,,
nfl:401772894,2025-11-30T18:00Z,14,Matthew Stafford,QB,28.0,18.0,243.0,2.0,2.0,,,,,,,,
nfl:401772894,2025-11-30T18:00Z,29,Bryce Young,QB,20.0,15.0,206.0,3.0,0.0,,,,,,,,
nfl:401772895,2025-11-30T18:00Z,22,Jacoby Brissett,QB,40.0,29.0,301.0,2.0,1.0,,,,,,,,
nfl:401772895,2025-11-30T18:00Z,27,Baker Mayfield,QB,28.0,18.0,194.0,1.0,0.0,,,,,,,,
nfl:401772896,2025-11-30T21:05Z,16,Max Brosmer,QB,30.0,19.0,126.0,0.0,4.0,,,,,,,,
nfl:401772896,2025-11-30T21:05Z,26,Sam Darnold,QB,26.0,14.0,128.0,0.0,0.0,,,,,,,,
nfl:401772788,2025-11-30T21:25Z,13,Geno Smith,QB,23.0,18.0,165.0,2.0,1.0,,,,,,,,
nfl:401772788,2025-11-30T21:25Z,24,Justin Herbert,QB,20.0,15.0,151.0,2.0,1.0,,,,,,,,
nfl:401772789,2025-11-30T21:25Z,2,Josh Allen,QB,23.0,15.0,123.0,1.0,1.0,,,,,,,,
nfl:401772789,2025-11-30T21:25Z,23,Aaron Rodgers,QB,21.0,10.0,117.0,0.0,0.0,,,,,,,,
nfl:401772931,2025-12-01T01:20Z,7,Bo Nix,QB,45.0,29.0,321.0,1.0,1.0,,,,,,,,
nfl:401772931,2025-12-01T01:20Z,28,Marcus Mariota,QB,50.0,28.0,294.0,2.0,1.0,,,,,,,,
nfl:401772821,2025-12-02T01:15Z,19,Jaxson Dart,QB,24.0,17.0,139.0,1.0,0.0,,,,,,,,
nfl:401772821,2025-12-02T01:15Z,17,Drake Maye,QB,31.0,24.0,282.0,2.0,0.0,,,,,,,,
nfl:401772947,2025-12-05T01:15Z,6,Dak Prescott,QB,47.0,31.0,376.0,1.0,2.0,,,,,,,,
nfl:401772947,2025-12-05T01:15Z,8,Jared Goff,QB,34.0,25.0,309.0,1.0,0.0,,,,,,,,
nfl:401772790,2025-12-07T18:00Z,15,Tua Tagovailoa,QB,21.0,13.0,127.0,1.0,0.0,,,,,,,,
nfl:401772790,2025-12-07T18:00Z,20,Brady Cook,QB,30.0,14.0,163.0,0.0,2.0,,,,,,,,
nfl:401772791,2025-12-07T18:00Z,23,Aaron Rodgers,QB,34.0,23.0,284.0,1.0,0.0,,,,,,,,
nfl:401772791,2025-12-07T18:00Z,33,Lamar Jackson,QB,35.0,19.0,219.0,1.0,1.0,,,,,,,,
nfl:401772792,2025-12-07T18:00Z,18,Tyler Shough,QB,20.0,13.0,144.0,0.0,1.0,,,,,,,,
nfl:401772792,2025-12-07T18:00Z,27,Baker Mayfield,QB,30.0,14.0,122.0,1.0,1.0,,,,,,,,
nfl:401772793,2025-12-07T18:00Z,11,Riley Leonard,QB,29.0,18.0,145.0,0.0,1.0,,,,,,,,
nfl:401772793,2025-12-07T18:00Z,30,Trevor Lawrence,QB,30.0,17.0,244.0,2.0,0.0,,,,,,,,
nfl:401772898,2025-12-07T18:00Z,10,Cam Ward,QB,28.0,14.0,117.0,2.0,1.0,,,,,,,,
nfl:401772898,2025-12-07T18:00Z,5,Shedeur Sanders,QB,42.0,23.0,364.0,3.0,1.0,,,,,,,,
nfl:401772899,2025-12-07T18:00Z,28,Jayden Daniels,QB,20.0,9.0,78.0,0.0,1.0,,,,,,,,
nfl:401772899,2025-12-07T18:00Z,16,J.J. McCarthy,QB,23.0,16.0,163.0,3.0,0.0,,,,,,,,
nfl:401772900,2025-12-07T18:00Z,26,Sam Darnold,QB,30.0,20.0,249.0,3.0,1.0,,,,,,,,
nfl:401772900,2025-12-07T18:00Z,1,Kirk Cousins,QB,30.0,15.0,162.0,0.0,2.0,,,,,,,,
nfl:401772902,2025-12-07T18:00Z,4,Joe Burrow,QB,36.0,25.0,284.0,4.0,2.0,,,,,,,,
nfl:401772902,2025-12-07T18:00Z,2,Josh Allen,QB,28.0,22.0,251.0,3.0,0.0,,,,,,,,
nfl:401772794,2025-12-07T21:05Z,7,Bo Nix,QB,38.0,31.0,212.0,0.0,0.0,,,,,,,,
nfl:401772794,2025-12-07T21:05Z,13,Geno Smith,QB,21.0,13.0,116.0,1.0,0.0,,,,,,,,
nfl:401772897,2025-12-07T21:25Z,3,Caleb Williams,QB,35.0,19.0,186.0,2.0,1.0,,,,,,,,
nfl:401772897,2025-12-07T21:25Z,9,Jordan Love,QB,25.0,17.0,234.0,3.0,1.0,,,,,,,,
nfl:401772901,2025-12-07T21:25Z,14,Matthew Stafford,QB,31.0,22.0,281.0,3.0,0.0,,,,,,,,
nfl:401772901,2025-12-07T21:25Z,22,Jacoby Brissett,QB,44.0,25.0,271.0,2.0,1.0,,,,,,,,
nfl:401772932,2025-12-08T01:20Z,34,C.J. Stroud,QB,31.0,15.0,203.0,1.0,0.0,,,,,,,,
nfl:401772932,2025-12-08T01:20Z,12,Patrick Mahomes,QB,33.0,14.0,160.0,0.0,3.0,,,,,,,,
nfl:401772822,2025-12-09T01:15Z,21,Jalen Hurts,QB,40.0,21.0,240.0,0.0,4.0,,,,,,,,
nfl:401772822,2025-12-09T01:15Z,24,Justin Herbert,QB,26.0,12.0,139.0,1.0,1.0,,,,,,,,
nfl:401772948,2025-12-12T01:15Z,1,Kirk Cousins,QB,44.0,30.0,373.0,3.0,0.0,,,,,,,,
nfl:401772948,2025-12-12T01:15Z,27,Baker Mayfield,QB,34.0,19.0,277.0,2.0,1.0,,,,,,,,
nfl:401772795,2025-12-14T18:00Z,2,Josh Allen,QB,28.0,19.0,193.0,3.0,0.0,,,,,,,,
nfl:401772795,2025-12-14T18:00Z,17,Drake Maye,QB,23.0,14.0,155.0,0.0,1.0,,,,,,,,
nfl:401772796,2025-12-14T18:00Z,33,Lamar Jackson,QB,12.0,8.0,150.0,2.0,1.0,,,,,,,,
nfl:401772796,2025-12-14T18:00Z,4,Joe Burrow,QB,39.0,25.0,225.0,0.0,2.0,,,,,,,,
nfl:401772797,2025-12-14T18:00Z,20,Brady Cook,QB,33.0,22.0,176.0,1.0,3.0,,,,,,,,
nfl:401772797,2025-12-14T18:00Z,30,Trevor Lawrence,QB,32.0,20.0,330.0,5.0,0.0,,,,,,,,
nfl:401772798,2025-12-14T18:00Z,24,Justin Herbert,QB,29.0,19.0,210.0,1.0,1.0,,,,,,,,
nfl:401772798,2025-12-14T18:00Z,12,Patrick Mahomes,QB,28.0,16.0,189.0,0.0,1.0,,,,,,,,
nfl:401772903,2025-12-14T18:00Z,22,Jacoby Brissett,QB,40.0,27.0,249.0,3.0,1.0,,,,,,,,
nfl:401772903,2025-12-14T18:00Z,34,C.J. Stroud,QB,29.0,22.0,260.0,3.0,0.0,,,,,,,,
nfl:401772904,2025-12-14T18:00Z,5,Shedeur Sanders,QB,35.0,18.0,177.0,0.0,3.0,,,,,,,,
nfl:401772904,2025-12-14T18:00Z,3,Caleb Williams,QB,28.0,17.0,242.0,2.0,0.0,,,,,,,,
nfl:401772905,2025-12-14T18:00Z,28,Marcus Mariota,QB,19.0,10.0,211.0,1.0,0.0,,,,,,,,
nfl:401772905,2025-12-14T18:00Z,19,Jaxson Dart,QB,36.0,20.0,246.0,2.0,1.0,,,,,,,,
nfl:401772906,2025-12-14T18:00Z,13,Kenny Pickett,QB,25.0,15.0,64.0,0.0,1.0,,,,,,,,
nfl:401772906,2025-12-14T18:00Z,21,Jalen Hurts,QB,15.0,12.0,175.0,3.0,0.0,,,,,,,,
nfl:401772799,2025-12-14T21:25Z,11,Philip Rivers,QB,27.0,18.0,120.0,1.0,1.0,,,,,,,,
nfl:401772799,2025-12-14T21:25Z,26,Sam Darnold,QB,36.0,22.0,271.0,0.0,0.0,,,,,,,,
nfl:401772800,2025-12-14T21:25Z,9,Jordan Love,QB,40.0,24.0,276.0,1.0,2.0,,,,,,,,
nfl:401772800,2025-12-14T21:25Z,7,Bo Nix,QB,34.0,23.0,302.0,4.0,0.0,,,,,,,,
nfl:401772907,2025-12-14T21:25Z,10,Cam Ward,QB,29.0,18.0,170.0,2.0,0.0,,,,,,,,
nfl:401772907,2025-12-14T21:25Z,25,Brock Purdy,QB,30.0,23.0,295.0,3.0,0.0,,,,,,,,
nfl:401772908,2025-12-14T21:25Z,29,Bryce Young,QB,24.0,15.0,163.0,1.0,0.0,,,,,,,,
nfl:401772908,2025-12-14T21:25Z,18,Tyler Shough,QB,32.0,24.0,272.0,1.0,0.0,,,,,,,,
nfl:401772909,2025-12-14T21:25Z,8,Jared Goff,QB,41.0,25.0,338.0,3.0,0.0,,,,,,,,
nfl:401772909,2025-12-14T21:25Z,14,Matthew Stafford,QB,38.0,24.0,368.0,2.0,1.0,,,,,,,,
nfl:401772933,2025-12-15T01:20Z,16,J.J. McCarthy,QB,24.0,15.0,250.0,2.0,1.0,,,,,,,,
nfl:401772933,2025-12-15T01:20Z,6,Dak Prescott,QB,38.0,23.0,294.0,0.0,0.0,,,,,,,,
nfl:401772823,2025-12-16T01:15Z,15,Tua Tagovailoa,QB,28.0,22.0,253.0,2.0,1.0,,,,,,,,
nfl:401772823,2025-12-16T01:15Z,23,Aaron Rodgers,QB,27.0,23.0,224.0,2.0,0.0,,,,,,,,
nfl:401772949,2025-12-19T01:15Z,14,Matthew Stafford,QB,49.0,29.0,457.0,3.0,0.0,,,,,,,,
nfl:401772949,2025-12-19T01:15Z,26,Sam Darnold,QB,34.0,22.0,270.0,2.0,2.0,,,,,,,,
nfl:401772612,2025-12-20T22:00Z,21,Jalen Hurts,QB,30.0,22.0,185.0,2.0,0.0,,,,,,,,
nfl:401772612,2025-12-20T22:00Z,28,Marcus Mariota,QB,14.0,7.0,95.0,0.0,0.0,,,,,,,,
nfl:401772613,2025-12-21T01:20Z,9,Jordan Love,QB,13.0,8.0,77.0,0.0,0.0,,,,,,,,
nfl:401772613,2025-12-21T01:20Z,3,Caleb Williams,QB,34.0,19.0,250.0,2.0,0.0,,,,,,,,
nfl:401772801,2025-12-21T18:00Z,20,Brady Cook,QB,35.0,22.0,188.0,0.0,1.0,,,,,,,,
nfl:401772801,2025-12-21T18:00Z,18,Tyler Shough,QB,49.0,32.0,308.0,1.0,0.0,,,,,,,,
nfl:401772802,2025-12-21T18:00Z,2,Josh Allen,QB,19.0,12.0,130.0,0.0,0.0,,,,,,,,
nfl:401772802,2025-12-21T18:00Z,5,Shedeur Sanders,QB,29.0,20.0,157.0,1.0,2.0,,,,,,,,
nfl:401772803,2025-12-21T18:00Z,12,Chris Oladokun,QB,16.0,11.0,111.0,0.0,0.0,,,,,,,,
nfl:401772803,2025-12-21T18:00Z,10,Cam Ward,QB,28.0,21.0,228.0,2.0,0.0,,,,,,,,
nfl:401772910,2025-12-21T18:00Z,24,Justin Herbert,QB,29.0,23.0,300.0,2.0,0.0,,,,,,,,
nfl:401772910,2025-12-21T18:00Z,6,Dak Prescott,QB,30.0,21.0,244.0,2.0,0.0,,,,,,,,
nfl:401772911,2025-12-21T18:00Z,16,J.J. McCarthy,QB,14.0,9.0,108.0,0.0,1.0,,,,,,,,
nfl:401772911,2025-12-21T18:00Z,19,Jaxson Dart,QB,13.0,7.0,33.0,0.0,1.0,,,,,,,,
nfl:401772912,2025-12-21T18:00Z,27,Baker Mayfield,QB,26.0,18.0,145.0,1.0,1.0,,,,,,,,
nfl:401772912,2025-12-21T18:00Z,29,Bryce Young,QB,32.0,21.0,191.0,2.0,0.0,,,,,,,,
nfl:401772934,2025-12-21T18:00Z,4,Joe Burrow,QB,32.0,25.0,309.0,4.0,0.0,,,,,,,,
nfl:401772934,2025-12-21T18:00Z,15,Quinn Ewers,QB,30.0,20.0,260.0,0.0,2.0,,,,,,,,
nfl:401772913,2025-12-21T21:05Z,30,Trevor Lawrence,QB,36.0,23.0,279.0,3.0,0.0,,,,,,,,
nfl:401772913,2025-12-21T21:05Z,7,Bo Nix,QB,47.0,28.0,352.0,1.0,1.0,,,,,,,,
nfl:401772914,2025-12-21T21:05Z,1,Kirk Cousins,QB,35.0,21.0,197.0,2.0,1.0,,,,,,,,
nfl:401772914,2025-12-21T21:05Z,22,Jacoby Brissett,QB,31.0,16.0,203.0,1.0,1.0,,,,,,,,
nfl:401772805,2025-12-21T21:25Z,13,Geno Smith,QB,23.0,16.0,201.0,2.0,1.0,,,,,,,,
nfl:401772805,2025-12-21T21:25Z,34,C.J. Stroud,QB,35.0,23.0,187.0,1.0,0.0,,,,,,,,
nfl:401772806,2025-12-21T21:25Z,23,Aaron Rodgers,QB,41.0,27.0,266.0,1.0,0.0,,,,,,,,
nfl:401772806,2025-12-21T21:25Z,8,Jared Goff,QB,54.0,34.0,364.0,3.0,0.0,,,,,,,,
nfl:401772804,2025-12-22T01:20Z,17,Drake Maye,QB,44.0,31.0,380.0,2.0,1.0,,,,,,,,
nfl:401772804,2025-12-22T01:20Z,33,Lamar Jackson,QB,10.0,7.0,101.0,0.0,0.0,,,,,,,,
nfl:401772824,2025-12-23T01:15Z,25,Brock Purdy,QB,34.0,25.0,295.0,5.0,1.0,,,,,,,,
nfl:401772824,2025-12-23T01:15Z,11,Philip Rivers,QB,35.0,23.0,277.0,2.0,1.0,,,,,,,,
nfl:401772710,2025-12-25T18:00Z,6,Dak Prescott,QB,37.0,19.0,307.0,2.0,0.0,,,,,,,,
nfl:401772710,2025-12-25T18:00Z,28,Josh Johnson,QB,23.0,15.0,198.0,0.0,0.0,,,,,,,,
nfl:401772711,2025-12-25T21:30Z,8,Jared Goff,QB,29.0,18.0,197.0,1.0,2.0,,,,,,,,
nfl:401772711,2025-12-25T21:30Z,16,Max Brosmer,QB,16.0,9.0,51.0,0.0,0.0,,,,,,,,
nfl:401772622,2025-12-26T01:15Z,7,Bo Nix,QB,38.0,26.0,182.0,1.0,1.0,,,,,,,,
nfl:401772622,2025-12-26T01:15Z,12,Chris Oladokun,QB,22.0,13.0,66.0,1.0,0.0,,,,,,,,
nfl:401772951,2025-12-27T21:30Z,34,C.J. Stroud,QB,28.0,16.0,244.0,2.0,2.0,,,,,,,,
nfl:401772951,2025-12-27T21:30Z,24,Justin Herbert,QB,32.0,21.0,236.0,1.0,1.0,,,,,,,,
nfl:401772953,2025-12-28T01:00Z,33,Tyler Huntley,QB,20.0,16.0,107.0,1.0,0.0,,,,,,,,
nfl:401772953,2025-12-28T01:00Z,9,Malik Willis,QB,21.0,18.0,288.0,1.0,0.0,,,,,,,,
nfl:401772807,2025-12-28T18:00Z,23,Aaron Rodgers,QB,39.0,21.0,168.0,0.0,0.0,,,,,,,,
nfl:401772807,2025-12-28T18:00Z,5,Shedeur Sanders,QB,23.0,17.0,186.0,1.0,2.0,,,,,,,,
nfl:401772808,2025-12-28T18:00Z,17,Drake Maye,QB,21.0,19.0,256.0,5.0,0.0,,,,,,,,
nfl:401772808,2025-12-28T18:00Z,20,Brady Cook,QB,33.0,19.0,152.0,0.0,1.0,,,,,,,,
nfl:401772809,2025-12-28T18:00Z,18,Tyler Shough,QB,27.0,22.0,333.0,2.0,0.0,,,,,,,,
nfl:401772809,2025-12-28T18:00Z,10,Cam Ward,QB,40.0,21.0,251.0,2.0,0.0,,,,,,,,
nfl:401772915,2025-12-28T18:00Z,30,Trevor Lawrence,QB,37.0,23.0,263.0,0.0,1.0,,,,,,,,
nfl:401772915,2025-12-28T18:00Z,11,Philip Rivers,QB,30.0,17.0,147.0,1.0,1.0,,,,,,,,
nfl:401772916,2025-12-28T18:00Z,27,Baker Mayfield,QB,44.0,33.0,346.0,2.0,2.0,,,,,,,,
nfl:401772916,2025-12-28T18:00Z,15,Quinn Ewers,QB,22.0,14.0,172.0,2.0,0.0,,,,,,,,
nfl:401772952,2025-12-28T18:00Z,26,Sam Darnold,QB,27.0,18.0,147.0,1.0,1.0,,,,,,,,
nfl:401772952,2025-12-28T18:00Z,29,Bryce Young,QB,24.0,14.0,54.0,0.0,1.0,,,,,,,,
nfl:401772954,2025-12-28T18:00Z,22,Jacoby Brissett,QB,37.0,21.0,212.0,2.0,0.0,,,,,,,,
nfl:401772954,2025-12-28T18:00Z,4,Joe Burrow,QB,31.0,24.0,305.0,2.0,0.0,,,,,,,,
nfl:401772950,2025-12-28T21:05Z,19,Jaxson Dart,QB,30.0,22.0,207.0,0.0,0.0,,,,,,,,
nfl:401772950,2025-12-28T21:05Z,13,Geno Smith,QB,28.0,20.0,176.0,1.0,2.0,,,,,,,,
nfl:401772917,2025-12-28T21:25Z,21,Jalen Hurts,QB,27.0,13.0,110.0,1.0,0.0,,,,,,,,
nfl:401772917,2025-12-28T21:25Z,2,Josh Allen,QB,35.0,23.0,262.0,0.0,0.0,,,,,,,,
nfl:401772935,2025-12-29T01:20Z,3,Caleb Williams,QB,42.0,25.0,330.0,2.0,0.0,,,,,,,,
nfl:401772935,2025-12-29T01:20Z,25,Brock Purdy,QB,33.0,24.0,303.0,3.0,1.0,,,,,,,,
nfl:401772825,2025-12-30T01:15Z,14,Matthew Stafford,QB,38.0,22.0,269.0,2.0,3.0,,,,,,,,
nfl:401772825,2025-12-30T01:15Z,1,Kirk Cousins,QB,20.0,13.0,126.0,1.0,0.0,,,,,,,,
nfl:401772969,2026-01-03T21:30Z,29,Bryce Young,QB,35.0,24.0,266.0,2.0,1.0,,,,,,,,
nfl:401772969,2026-01-03T21:30Z,27,Baker Mayfield,QB,22.0,16.0,203.0,1.0,1.0,,,,,,,,
nfl:401772961,2026-01-04T01:00Z,26,Sam Darnold,QB,26.0,20.0,198.0,0.0,0.0,,,,,,,,
nfl:401772961,2026-01-04T01:00Z,25,Brock Purdy,QB,27.0,19.0,127.0,0.0,1.0,,,,,,,,
nfl:401772962,2026-01-04T18:00Z,11,Riley Leonard,QB,34.0,21.0,270.0,2.0,1.0,,,,,,,,
nfl:401772962,2026-01-04T18:00Z,34,C.J. Stroud,QB,23.0,14.0,169.0,1.0,0.0,,,,,,,,
nfl:401772963,2026-01-04T18:00Z,6,Joe Milton III,QB,13.0,7.0,73.0,0.0,1.0,,,,,,,,
nfl:401772963,2026-01-04T18:00Z,19,Jaxson Dart,QB,32.0,22.0,230.0,2.0,0.0,,,,,,,,
nfl:401772964,2026-01-04T18:00Z,5,Shedeur Sanders,QB,22.0,11.0,111.0,0.0,0.0,,,,,,,,
nfl:401772964,2026-01-04T18:00Z,4,Joe Burrow,QB,39.0,29.0,236.0,3.0,1.0,,,,,,,,
nfl:401772966,2026-01-04T18:00Z,18,Tyler Shough,QB,35.0,23.0,259.0,1.0,1.0,,,,,,,,
nfl:401772966,2026-01-04T18:00Z,1,Kirk Cousins,QB,32.0,18.0,180.0,1.0,1.0,,,,,,,,
nfl:401772968,2026-01-04T18:00Z,9,Clayton Tune,QB,11.0,6.0,34.0,0.0,0.0,,,,,,,,
nfl:401772968,2026-01-04T18:00Z,16,J.J. McCarthy,QB,23.0,14.0,182.0,0.0,0.0,,,,,,,,
nfl:401772970,2026-01-04T18:00Z,10,Brandon Allen,QB,30.0,17.0,72.0,0.0,1.0,,,,,,,,
nfl:401772970,2026-01-04T18:00Z,30,Trevor Lawrence,QB,30.0,22.0,255.0,3.0,0.0,,,,,,,,
nfl:401772955,2026-01-04T21:25Z,22,Jacoby Brissett,QB,31.0,22.0,243.0,2.0,1.0,,,,,,,,
nfl:401772955,2026-01-04T21:25Z,14,Matthew Stafford,QB,40.0,25.0,259.0,4.0,0.0,,,,,,,,
nfl:401772956,2026-01-04T21:25Z,24,Trey Lance,QB,44.0,20.0,136.0,0.0,1.0,,,,,,,,
nfl:401772956,2026-01-04T21:25Z,7,Bo Nix,QB,23.0,14.0,141.0,0.0,0.0,,,,,,,,
nfl:401772957,2026-01-04T21:25Z,12,Chris Oladokun,QB,17.0,11.0,58.0,0.0,0.0,,,,,,,,
nfl:401772957,2026-01-04T21:25Z,13,Aidan O'Connell,QB,22.0,10.0,102.0,0.0,0.0,,,,,,,,
nfl:401772958,2026-01-04T21:25Z,15,Quinn Ewers,QB,23.0,16.0,137.0,1.0,1.0,,,,,,,,
nfl:401772958,2026-01-04T21:25Z,17,Drake Maye,QB,18.0,14.0,191.0,1.0,0.0,,,,,,,,
nfl:401772959,2026-01-04T21:25Z,28,Josh Johnson,QB,22.0,14.0,131.0,1.0,1.0,,,,,,,,
nfl:401772959,2026-01-04T21:25Z,21,Tanner McKee,QB,40.0,21.0,241.0,1.0,1.0,,,,,,,,
nfl:401772965,2026-01-04T21:25Z,8,Jared Goff,QB,42.0,27.0,331.0,1.0,1.0,,,,,,,,
nfl:401772965,2026-01-04T21:25Z,3,Caleb Williams,QB,33.0,20.0,212.0,2.0,1.0,,,,,,,,
nfl:401772967,2026-01-04T21:25Z,20,Brady Cook,QB,22.0,11.0,60.0,1.0,0.0,,,,,,,,
nfl:401772967,2026-01-04T21:25Z,2,Mitchell Trubisky,QB,29.0,22.0,259.0,4.0,0.0,,,,,,,,
nfl:401772960,2026-01-05T01:20Z,33,Lamar Jackson,QB,18.0,11.0,238.0,3.0,1.0,,,,,,,,
nfl:401772960,2026-01-05T01:20Z,23,Aaron Rodgers,QB,47.0,31.0,294.0,1.0,0.0,,,,,,,,
nfl:401772979,2026-01-10T21:30Z,14,Matthew Stafford,QB,42.0,24.0,304.0,3.0,1.0,,,,,,,,
nfl:401772979,2026-01-10T21:30Z,29,Bryce Young,QB,40.0,21.0,264.0,1.0,1.0,,,,,,,,
nfl:401772981,2026-01-11T01:00Z,9,Jordan Love,QB,46.0,24.0,323.0,4.0,0.0,,,,,,,,
nfl:401772981,2026-01-11T01:00Z,3,Caleb Williams,QB,48.0,24.0,361.0,2.0,2.0,,,,,,,,
nfl:401772977,2026-01-11T18:00Z,2,Josh Allen,QB,35.0,28.0,273.0,1.0,0.0,,,,,,,,
nfl:401772977,2026-01-11T18:00Z,30,Trevor Lawrence,QB,30.0,18.0,207.0,3.0,2.0,,,,,,,,
nfl:401772980,2026-01-11T21:30Z,25,Brock Purdy,QB,31.0,18.0,262.0,2.0,2.0,,,,,,,,
nfl:401772980,2026-01-11T21:30Z,21,Jalen Hurts,QB,35.0,20.0,168.0,1.0,0.0,,,,,,,,
nfl:401772978,2026-01-12T01:15Z,24,Justin Herbert,QB,31.0,19.0,159.0,0.0,0.0,,,,,,,,
nfl:401772978,2026-01-12T01:15Z,17,Drake Maye,QB,29.0,17.0,268.0,1.0,1.0,,,,,,,,
nfl:401772976,2026-01-13T01:15Z,34,C.J. Stroud,QB,32.0,21.0,250.0,1.0,1.0,,,,,,,,
nfl:401772976,2026-01-13T01:15Z,23,Aaron Rodgers,QB,33.0,17.0,146.0,0.0,1.0,,,,,,,,
nfl:401772982,2026-01-17T21:30Z,2,Josh Allen,QB,39.0,25.0,283.0,3.0,2.0,,,,,,,,
nfl:401772982,2026-01-17T21:30Z,7,Bo Nix,QB,46.0,26.0,279.0,3.0,1.0,,,,,,,,
nfl:401772984,2026-01-18T01:00Z,25,Brock Purdy,QB,27.0,15.0,140.0,0.0,1.0,,,,,,,,
nfl:401772984,2026-01-18T01:00Z,26,Sam Darnold,QB,17.0,12.0,124.0,1.0,0.0,,,,,,,,
nfl:401772983,2026-01-18T20:00Z,34,C.J. Stroud,QB,47.0,20.0,212.0,1.0,4.0,,,,,,,,
nfl:401772983,2026-01-18T20:00Z,17,Drake Maye,QB,27.0,16.0,179.0,3.0,1.0,,,,,,,,
nfl:401772985,2026-01-18T23:30Z,14,Matthew Stafford,QB,42.0,20.0,258.0,0.0,0.0,,,,,,,,
nfl:401772985,2026-01-18T23:30Z,3,Caleb Williams,QB,42.0,23.0,257.0,2.0,3.0,,,,,,,,
nfl:401772986,2026-01-25T20:00Z,17,Drake Maye,QB,21.0,10.0,86.0,0.0,0.0,,,,,,,,
nfl:401772986,2026-01-25T20:00Z,7,Jarrett Stidham,QB,31.0,17.0,133.0,1.0,1.0,,,,,,,,
nfl:401772987,2026-01-25T23:30Z,14,Matthew Stafford,QB,35.0,22.0,374.0,3.0,0.0,,,,,,,,
nfl:401772987,2026-01-25T23:30Z,26,Sam Darnold,QB,36.0,25.0,346.0,3.0,0.0,,,,,,,,
nfl:401772988,2026-02-08T23:30Z,26,Sam Darnold,QB,38.0,19.0,202.0,1.0,0.0,,,,,,,,
nfl:401772988,2026-02-08T23:30Z,17,Drake Maye,QB,43.0,27.0,295.0,2.0,2.0,,,,,,,,
nfl:401872656,2026-09-10T00:20Z,17,Drake Maye,QB,33.0,23.0,178.0,1.0,3.0,,,,,,,,
nfl:401872656,2026-09-10T00:20Z,26,Drew Lock,QB,22.0,16.0,187.0,1.0,0.0,,,,,,,,
nfl:401872657,2026-09-11T00:35Z,25,Brock Purdy,QB,34.0,25.0,205.0,3.0,1.0,,,,,,,,
nfl:401872657,2026-09-11T00:35Z,14,Matthew Stafford,QB,25.0,15.0,155.0,0.0,1.0,,,,,,,,
nfl:401872658,2026-09-13T17:00Z,1,Cooper Rush,QB,22.0,12.0,143.0,1.0,2.0,,,,,,,,
nfl:401872658,2026-09-13T17:00Z,23,Aaron Rodgers,QB,40.0,24.0,221.0,1.0,0.0,,,,,,,,
nfl:401872659,2026-09-13T17:00Z,33,Lamar Jackson,QB,25.0,17.0,324.0,1.0,0.0,,,,,,,,
nfl:401872659,2026-09-13T17:00Z,11,Daniel Jones,QB,31.0,19.0,166.0,1.0,1.0,,,,,,,,
nfl:401872660,2026-09-13T17:00Z,2,Josh Allen,QB,29.0,20.0,334.0,2.0,0.0,,,,,,,,
nfl:401872660,2026-09-13T17:00Z,34,C.J. Stroud,QB,38.0,26.0,274.0,2.0,0.0,,,,,,,,
nfl:401872661,2026-09-13T17:00Z,3,Caleb Williams,QB,29.0,21.0,269.0,2.0,0.0,,,,,,,,
nfl:401872661,2026-09-13T17:00Z,29,Bryce Young,QB,37.0,23.0,361.0,3.0,1.0,,,,,,,,
nfl:401872922,2026-09-13T17:00Z,5,Deshaun Watson,QB,22.0,16.0,205.0,1.0,1.0,,,,,,,,
nfl:401872922,2026-09-13T17:00Z,30,Trevor Lawrence,QB,23.0,18.0,245.0,4.0,0.0,,,,,,,,
nfl:401872923,2026-09-13T17:00Z,18,Tyler Shough,QB,56.0,35.0,410.0,3.0,2.0,,,,,,,,
nfl:401872923,2026-09-13T17:00Z,8,Jared Goff,QB,39.0,26.0,206.0,2.0,0.0,,,,,,,,
nfl:401872924,2026-09-13T17:00Z,20,Geno Smith,QB,24.0,19.0,215.0,0.0,0.0,,,,,,,,
nfl:401872924,2026-09-13T17:00Z,10,Cam Ward,QB,32.0,19.0,140.0,1.0,0.0,,,,,,,,
nfl:401872925,2026-09-13T17:00Z,27,Baker Mayfield,QB,28.0,23.0,216.0,0.0,0.0,,,,,,,,
nfl:401872925,2026-09-13T17:00Z,4,Joe Burrow,QB,35.0,25.0,254.0,1.0,1.0,,,,,,,,
nfl:401872926,2026-09-13T20:25Z,22,Jacoby Brissett,QB,37.0,27.0,277.0,1.0,0.0,,,,,,,,
nfl:401872926,2026-09-13T20:25Z,24,Justin Herbert,QB,27.0,17.0,209.0,1.0,1.0,,,,,,,,
nfl:401872927,2026-09-13T20:25Z,9,Jordan Love,QB,42.0,21.0,387.0,2.0,1.0,,,,,,,,
nfl:401872927,2026-09-13T20:25Z,16,Carson Wentz,QB,19.0,12.0,133.0,3.0,0.0,,,,,,,,
nfl:401872928,2026-09-13T20:25Z,15,Malik Willis,QB,27.0,15.0,220.0,0.0,1.0,,,,,,,,
nfl:401872928,2026-09-13T20:25Z,13,Kirk Cousins,QB,30.0,21.0,160.0,3.0,2.0,,,,,,,,
nfl:401872929,2026-09-13T20:25Z,28,Jayden Daniels,QB,34.0,18.0,164.0,2.0,0.0,,,,,,,,
nfl:401872929,2026-09-13T20:25Z,21,Jalen Hurts,QB,25.0,14.0,203.0,3.0,0.0,,,,,,,,
nfl:401872930,2026-09-14T00:20Z,6,Dak Prescott,QB,34.0,22.0,175.0,2.0,1.0,,,,,,,,
nfl:401872930,2026-09-14T00:20Z,19,Jaxson Dart,QB,29.0,23.0,230.0,3.0,0.0,,,,,,,,
nfl:401872931,2026-09-15T00:15Z,7,Bo Nix,QB,28.0,17.0,131.0,1.0,1.0,,,,,,,,
nfl:401872931,2026-09-15T00:15Z,12,Patrick Mahomes,QB,27.0,15.0,184.0,2.0,1.0,,,,,,,,
nfl:401872932,2026-09-18T00:15Z,8,Jared Goff,QB,38.0,26.0,327.0,4.0,0.0,,,,,,,,
nfl:401872932,2026-09-18T00:15Z,2,Josh Allen,QB,31.0,20.0,248.0,3.0,0.0,,,,,,,,
nfl:401872933,2026-09-20T17:00Z,29,Bryce Young,QB,36.0,23.0,287.0,3.0,0.0,,,,,,,,
nfl:401872933,2026-09-20T17:00Z,1,Cooper Rush,QB,17.0,10.0,86.0,0.0,2.0,,,,,,,,
nfl:401872934,2026-09-20T17:00Z,4,Joe Burrow,QB,31.0,20.0,207.0,2.0,0.0,,,,,,,,
nfl:401872934,2026-09-20T17:00Z,34,C.J. Stroud,QB,55.0,30.0,353.0,0.0,0.0,,,,,,,,
nfl:401872935,2026-09-20T17:00Z,5,Deshaun Watson,QB,30.0,24.0,238.0,2.0,0.0,,,,,,,,
nfl:401872935,2026-09-20T17:00Z,27,Baker Mayfield,QB,34.0,21.0,182.0,1.0,1.0,,,,,,,,
nfl:401872936,2026-09-20T17:00Z,9,Jordan Love,QB,29.0,16.0,145.0,2.0,0.0,,,,,,,,
nfl:401872936,2026-09-20T17:00Z,20,Geno Smith,QB,41.0,27.0,247.0,1.0,0.0,,,,,,,,
nfl:401872937,2026-09-20T17:00Z,16,Carson Wentz,QB,20.0,11.0,143.0,0.0,0.0,,,,,,,,
nfl:401872937,2026-09-20T17:00Z,3,Caleb Williams,QB,26.0,15.0,138.0,0.0,1.0,,,,,,,,
nfl:401872938,2026-09-20T17:00Z,18,Tyler Shough,QB,34.0,27.0,252.0,1.0,0.0,,,,,,,,
nfl:401872938,2026-09-20T17:00Z,33,Lamar Jackson,QB,31.0,21.0,235.0,1.0,1.0,,,,,,,,
nfl:401872939,2026-09-20T17:00Z,21,Jalen Hurts,QB,37.0,26.0,264.0,2.0,2.0,,,,,,,,
nfl:401872939,2026-09-20T17:00Z,10,Cam Ward,QB,20.0,13.0,183.0,0.0,0.0,,,,,,,,
nfl:401872946,2026-09-20T17:00Z,23,Aaron Rodgers,QB,39.0,23.0,187.0,0.0,1.0,,,,,,,,
nfl:401872946,2026-09-20T17:00Z,17,Drake Maye,QB,22.0,14.0,208.0,0.0,1.0,,,,,,,,
nfl:401872940,2026-09-20T20:05Z,30,Trevor Lawrence,QB,29.0,17.0,189.0,0.0,1.0,,,,,,,,
nfl:401872940,2026-09-20T20:05Z,7,Bo Nix,QB,31.0,22.0,288.0,1.0,1.0,,,,,,,,
nfl:401872941,2026-09-20T20:05Z,13,Kirk Cousins,QB,29.0,19.0,253.0,3.0,1.0,,,,,,,,
nfl:401872941,2026-09-20T20:05Z,24,Justin Herbert,QB,27.0,15.0,192.0,1.0,2.0,,,,,,,,
nfl:401872942,2026-09-20T20:25Z,15,Malik Willis,QB,23.0,14.0,197.0,1.0,0.0,,,,,,,,
nfl:401872942,2026-09-20T20:25Z,25,Brock Purdy,QB,22.0,20.0,287.0,2.0,0.0,,,,,,,,
nfl:401872943,2026-09-20T20:25Z,26,Drew Lock,QB,26.0,19.0,235.0,3.0,0.0,,,,,,,,
nfl:401872943,2026-09-20T20:25Z,22,Jacoby Brissett,QB,28.0,17.0,95.0,1.0,1.0,,,,,,,,
nfl:401872944,2026-09-20T20:25Z,28,Jayden Daniels,QB,17.0,11.0,96.0,1.0,0.0,,,,,,,,
nfl:401872944,2026-09-20T20:25Z,6,Dak Prescott,QB,31.0,26.0,279.0,4.0,0.0,,,,,,,,
nfl:401872945,2026-09-21T00:20Z,11,Daniel Jones,QB,31.0,22.0,210.0,1.0,1.0,,,,,,,,
nfl:401872945,2026-09-21T00:20Z,12,Patrick Mahomes,QB,47.0,32.0,382.0,3.0,0.0,,,,,,,,
nfl:401872947,2026-09-22T00:15Z,19,Jameis Winston,QB,27.0,11.0,111.0,0.0,1.0,,,,,,,,
nfl:401872947,2026-09-22T00:15Z,14,Matthew Stafford,QB,31.0,22.0,327.0,4.0,1.0,,,,,,,,
nfl:401872948,2026-09-25T00:15Z,1,Michael Penix Jr.,QB,25.0,18.0,256.0,1.0,1.0,,,,,,,,
nfl:401872948,2026-09-25T00:15Z,9,Jordan Love,QB,53.0,28.0,312.0,2.0,1.0,,,,,,,,
